loss,val_loss,accuracy,val_accuracy,con_layer_1,con_layer_1_activation,con_layer_2,con_layer_2_activation,con_layer_3,con_layer_3_activation,con_layer_4,con_layer_4_activation,con_layer_5,con_layer_5_activation,hidden_layer_1,hidden_layer_1_activation,dropout_sizes,optimizers,epoch,epoch_n
0.7620667219161987,0.6830158233642578,0.5004892349243164,0.5703125,16,relu,32,relu,32,relu,64,relu,64,selu,512,sigmoid,0.5,adam,1,25
0.7269796133041382,0.6707970499992371,0.5332680940628052,0.5703125,16,relu,32,relu,32,relu,64,relu,64,selu,512,sigmoid,0.5,adam,2,25
0.684002161026001,0.656131386756897,0.5743640065193176,0.625,16,relu,32,relu,32,relu,64,relu,64,selu,512,sigmoid,0.5,adam,3,25
0.6699538826942444,0.6128878593444824,0.6100782752037048,0.640625,16,relu,32,relu,32,relu,64,relu,64,selu,512,sigmoid,0.5,adam,4,25
0.647028923034668,0.6779366731643677,0.6301369667053223,0.55078125,16,relu,32,relu,32,relu,64,relu,64,selu,512,sigmoid,0.5,adam,5,25
0.629305899143219,0.5846169590950012,0.6477494835853577,0.66796875,16,relu,32,relu,32,relu,64,relu,64,selu,512,sigmoid,0.5,adam,6,25
0.6132156848907471,0.6067119836807251,0.6614481210708618,0.65625,16,relu,32,relu,32,relu,64,relu,64,selu,512,sigmoid,0.5,adam,7,25
0.596264123916626,0.5825785398483276,0.683953046798706,0.671875,16,relu,32,relu,32,relu,64,relu,64,selu,512,sigmoid,0.5,adam,8,25
0.5789786577224731,0.6355453729629517,0.6868884563446045,0.6171875,16,relu,32,relu,32,relu,64,relu,64,selu,512,sigmoid,0.5,adam,9,25
0.5881675481796265,0.6001784801483154,0.6893346309661865,0.66015625,16,relu,32,relu,32,relu,64,relu,64,selu,512,sigmoid,0.5,adam,10,25
0.5890358090400696,0.6069837808609009,0.6687867045402527,0.69140625,16,relu,32,relu,32,relu,64,relu,64,selu,512,sigmoid,0.5,adam,11,25
0.5787709951400757,0.588313102722168,0.6981409192085266,0.6640625,16,relu,32,relu,32,relu,64,relu,64,selu,512,sigmoid,0.5,adam,12,25
0.5630274415016174,0.5640540719032288,0.7005870938301086,0.703125,16,relu,32,relu,32,relu,64,relu,64,selu,512,sigmoid,0.5,adam,13,25
0.5384654402732849,0.5637217164039612,0.7230919599533081,0.703125,16,relu,32,relu,32,relu,64,relu,64,selu,512,sigmoid,0.5,adam,14,25
0.5598530173301697,0.566438615322113,0.7079256176948547,0.6953125,16,relu,32,relu,32,relu,64,relu,64,selu,512,sigmoid,0.5,adam,15,25
0.542612612247467,0.5729124546051025,0.7113503217697144,0.703125,16,relu,32,relu,32,relu,64,relu,64,selu,512,sigmoid,0.5,adam,16,25
0.5507282614707947,0.5445966124534607,0.7079256176948547,0.7265625,16,relu,32,relu,32,relu,64,relu,64,selu,512,sigmoid,0.5,adam,17,25
0.5348100066184998,0.5579224228858948,0.7255381345748901,0.7109375,16,relu,32,relu,32,relu,64,relu,64,selu,512,sigmoid,0.5,adam,18,25
0.532368004322052,0.5506094098091125,0.7230919599533081,0.7421875,16,relu,32,relu,32,relu,64,relu,64,selu,512,sigmoid,0.5,adam,19,25
0.5048381090164185,0.5379231572151184,0.752446174621582,0.73046875,16,relu,32,relu,32,relu,64,relu,64,selu,512,sigmoid,0.5,adam,20,25
0.5059788823127747,0.5206528902053833,0.7480430603027344,0.74609375,16,relu,32,relu,32,relu,64,relu,64,selu,512,sigmoid,0.5,adam,21,25
0.5032460689544678,0.5252823829650879,0.7563600540161133,0.7421875,16,relu,32,relu,32,relu,64,relu,64,selu,512,sigmoid,0.5,adam,22,25
0.49877509474754333,0.5304855108261108,0.7588062882423401,0.74609375,16,relu,32,relu,32,relu,64,relu,64,selu,512,sigmoid,0.5,adam,23,25
0.512352466583252,0.59870445728302,0.7451076507568359,0.6953125,16,relu,32,relu,32,relu,64,relu,64,selu,512,sigmoid,0.5,adam,24,25
0.5001469254493713,0.5187287926673889,0.7548923492431641,0.73828125,16,relu,32,relu,32,relu,64,relu,64,selu,512,sigmoid,0.5,adam,25,25
0.703445553779602,0.6822405457496643,0.5132094025611877,0.50390625,16,relu,32,relu,32,relu,64,relu,64,selu,512,relu,0.5,adam,1,25
0.6766549944877625,0.66555255651474,0.5621330738067627,0.62890625,16,relu,32,relu,32,relu,64,relu,64,selu,512,relu,0.5,adam,2,25
0.6580221652984619,0.6340417265892029,0.623776912689209,0.63671875,16,relu,32,relu,32,relu,64,relu,64,selu,512,relu,0.5,adam,3,25
0.6380844116210938,0.6379700899124146,0.6428571343421936,0.6328125,16,relu,32,relu,32,relu,64,relu,64,selu,512,relu,0.5,adam,4,25
0.6270796656608582,0.5776290893554688,0.6526418924331665,0.703125,16,relu,32,relu,32,relu,64,relu,64,selu,512,relu,0.5,adam,5,25
0.6076966524124146,0.6353875398635864,0.677592933177948,0.64453125,16,relu,32,relu,32,relu,64,relu,64,selu,512,relu,0.5,adam,6,25
0.6021068692207336,0.6202937364578247,0.675146758556366,0.671875,16,relu,32,relu,32,relu,64,relu,64,selu,512,relu,0.5,adam,7,25
0.6092969179153442,0.562863826751709,0.683953046798706,0.71875,16,relu,32,relu,32,relu,64,relu,64,selu,512,relu,0.5,adam,8,25
0.5881690382957458,0.5463075041770935,0.6912915706634521,0.73046875,16,relu,32,relu,32,relu,64,relu,64,selu,512,relu,0.5,adam,9,25
0.5689254999160767,0.5959332585334778,0.7040117383003235,0.671875,16,relu,32,relu,32,relu,64,relu,64,selu,512,relu,0.5,adam,10,25
0.5901827216148376,0.6002371907234192,0.6991193890571594,0.67578125,16,relu,32,relu,32,relu,64,relu,64,selu,512,relu,0.5,adam,11,25
0.5607073903083801,0.5655462741851807,0.7035225033760071,0.703125,16,relu,32,relu,32,relu,64,relu,64,selu,512,relu,0.5,adam,12,25
0.5812314748764038,0.5313431620597839,0.6976516842842102,0.72265625,16,relu,32,relu,32,relu,64,relu,64,selu,512,relu,0.5,adam,13,25
0.5565488934516907,0.5480165481567383,0.7108610272407532,0.71484375,16,relu,32,relu,32,relu,64,relu,64,selu,512,relu,0.5,adam,14,25
0.553797721862793,0.5432044267654419,0.7260273694992065,0.69921875,16,relu,32,relu,32,relu,64,relu,64,selu,512,relu,0.5,adam,15,25
0.5491839647293091,0.555934727191925,0.7152642011642456,0.671875,16,relu,32,relu,32,relu,64,relu,64,selu,512,relu,0.5,adam,16,25
0.524822473526001,0.5755752325057983,0.7451076507568359,0.70703125,16,relu,32,relu,32,relu,64,relu,64,selu,512,relu,0.5,adam,17,25
0.5405925512313843,0.5476824045181274,0.7221134901046753,0.7109375,16,relu,32,relu,32,relu,64,relu,64,selu,512,relu,0.5,adam,18,25
0.5355837941169739,0.6112707853317261,0.7382583022117615,0.67578125,16,relu,32,relu,32,relu,64,relu,64,selu,512,relu,0.5,adam,19,25
0.5415245890617371,0.4943786859512329,0.7294520735740662,0.75,16,relu,32,relu,32,relu,64,relu,64,selu,512,relu,0.5,adam,20,25
0.5282180905342102,0.5309894680976868,0.730430543422699,0.734375,16,relu,32,relu,32,relu,64,relu,64,selu,512,relu,0.5,adam,21,25
0.5282673239707947,0.5329165458679199,0.7367905974388123,0.7265625,16,relu,32,relu,32,relu,64,relu,64,selu,512,relu,0.5,adam,22,25
0.5128629207611084,0.5161228775978088,0.7519569396972656,0.71875,16,relu,32,relu,32,relu,64,relu,64,selu,512,relu,0.5,adam,23,25
0.4954843521118164,0.5640838742256165,0.7529354095458984,0.73828125,16,relu,32,relu,32,relu,64,relu,64,selu,512,relu,0.5,adam,24,25
0.5263129472732544,0.5558805465698242,0.7495107650756836,0.71484375,16,relu,32,relu,32,relu,64,relu,64,selu,512,relu,0.5,adam,25,25
0.8105964660644531,0.6847895383834839,0.5014677047729492,0.5078125,16,relu,32,relu,32,relu,64,relu,64,elu,512,sigmoid,0.5,adam,1,25
0.7220221757888794,0.6549925804138184,0.5337573289871216,0.66796875,16,relu,32,relu,32,relu,64,relu,64,elu,512,sigmoid,0.5,adam,2,25
0.6829453706741333,0.6224130392074585,0.5905088186264038,0.6640625,16,relu,32,relu,32,relu,64,relu,64,elu,512,sigmoid,0.5,adam,3,25
0.6391989588737488,0.6048828959465027,0.638454020023346,0.69140625,16,relu,32,relu,32,relu,64,relu,64,elu,512,sigmoid,0.5,adam,4,25
0.6320551037788391,0.5930582880973816,0.6374755501747131,0.671875,16,relu,32,relu,32,relu,64,relu,64,elu,512,sigmoid,0.5,adam,5,25
0.6279942393302917,0.6044760346412659,0.6511741876602173,0.6640625,16,relu,32,relu,32,relu,64,relu,64,elu,512,sigmoid,0.5,adam,6,25
0.5908939838409424,0.6778961420059204,0.6668297648429871,0.62890625,16,relu,32,relu,32,relu,64,relu,64,elu,512,sigmoid,0.5,adam,7,25
0.5808228254318237,0.5810028314590454,0.6937377452850342,0.69921875,16,relu,32,relu,32,relu,64,relu,64,elu,512,sigmoid,0.5,adam,8,25
0.5722987055778503,0.5926388502120972,0.7015655636787415,0.71875,16,relu,32,relu,32,relu,64,relu,64,elu,512,sigmoid,0.5,adam,9,25
0.5607999563217163,0.5613682270050049,0.7045009732246399,0.7109375,16,relu,32,relu,32,relu,64,relu,64,elu,512,sigmoid,0.5,adam,10,25
0.5459926128387451,0.5614947080612183,0.7245596647262573,0.71484375,16,relu,32,relu,32,relu,64,relu,64,elu,512,sigmoid,0.5,adam,11,25
0.54509037733078,0.5693382620811462,0.7255381345748901,0.6796875,16,relu,32,relu,32,relu,64,relu,64,elu,512,sigmoid,0.5,adam,12,25
0.5491305589675903,0.5291163921356201,0.7054794430732727,0.73046875,16,relu,32,relu,32,relu,64,relu,64,elu,512,sigmoid,0.5,adam,13,25
0.5367545485496521,0.5387377142906189,0.7240704298019409,0.73046875,16,relu,32,relu,32,relu,64,relu,64,elu,512,sigmoid,0.5,adam,14,25
0.5395346879959106,0.545451819896698,0.7289628386497498,0.74609375,16,relu,32,relu,32,relu,64,relu,64,elu,512,sigmoid,0.5,adam,15,25
0.531577467918396,0.5331687331199646,0.7372798323631287,0.7578125,16,relu,32,relu,32,relu,64,relu,64,elu,512,sigmoid,0.5,adam,16,25
0.5064343214035034,0.5399653911590576,0.7441291809082031,0.75390625,16,relu,32,relu,32,relu,64,relu,64,elu,512,sigmoid,0.5,adam,17,25
0.5424034595489502,0.5056891441345215,0.7186888456344604,0.75390625,16,relu,32,relu,32,relu,64,relu,64,elu,512,sigmoid,0.5,adam,18,25
0.5239558219909668,0.5613592863082886,0.7392367720603943,0.7265625,16,relu,32,relu,32,relu,64,relu,64,elu,512,sigmoid,0.5,adam,19,25
0.5027942657470703,0.5040223598480225,0.752446174621582,0.76171875,16,relu,32,relu,32,relu,64,relu,64,elu,512,sigmoid,0.5,adam,20,25
0.5121908187866211,0.5061046481132507,0.7460861206054688,0.75390625,16,relu,32,relu,32,relu,64,relu,64,elu,512,sigmoid,0.5,adam,21,25
0.5030067563056946,0.4874078929424286,0.752446174621582,0.7265625,16,relu,32,relu,32,relu,64,relu,64,elu,512,sigmoid,0.5,adam,22,25
0.4982667863368988,0.5601637959480286,0.7661448121070862,0.7265625,16,relu,32,relu,32,relu,64,relu,64,elu,512,sigmoid,0.5,adam,23,25
0.5067018270492554,0.4963414669036865,0.7592955231666565,0.78125,16,relu,32,relu,32,relu,64,relu,64,elu,512,sigmoid,0.5,adam,24,25
0.4814145863056183,0.46959057450294495,0.7729941010475159,0.76953125,16,relu,32,relu,32,relu,64,relu,64,elu,512,sigmoid,0.5,adam,25,25
0.7185298204421997,0.6921976804733276,0.5166340470314026,0.5,16,relu,32,relu,32,relu,64,relu,64,elu,512,relu,0.5,adam,1,25
0.6909182667732239,0.6895767450332642,0.5239726305007935,0.51953125,16,relu,32,relu,32,relu,64,relu,64,elu,512,relu,0.5,adam,2,25
0.6844915151596069,0.6756901741027832,0.5665361881256104,0.609375,16,relu,32,relu,32,relu,64,relu,64,elu,512,relu,0.5,adam,3,25
0.6754614114761353,0.673635721206665,0.5846379399299622,0.5703125,16,relu,32,relu,32,relu,64,relu,64,elu,512,relu,0.5,adam,4,25
0.6633425951004028,0.6655000448226929,0.611545979976654,0.640625,16,relu,32,relu,32,relu,64,relu,64,elu,512,relu,0.5,adam,5,25
0.6576018333435059,0.6503812670707703,0.6174168586730957,0.66015625,16,relu,32,relu,32,relu,64,relu,64,elu,512,relu,0.5,adam,6,25
0.6431391835212708,0.6440678834915161,0.6257338523864746,0.6484375,16,relu,32,relu,32,relu,64,relu,64,elu,512,relu,0.5,adam,7,25
0.6328725814819336,0.6439658999443054,0.6609588861465454,0.6328125,16,relu,32,relu,32,relu,64,relu,64,elu,512,relu,0.5,adam,8,25
0.6217337250709534,0.615673840045929,0.6619373559951782,0.6640625,16,relu,32,relu,32,relu,64,relu,64,elu,512,relu,0.5,adam,9,25
0.6116603016853333,0.6329751014709473,0.6692759394645691,0.63671875,16,relu,32,relu,32,relu,64,relu,64,elu,512,relu,0.5,adam,10,25
0.5881683826446533,0.5942580699920654,0.6908023357391357,0.66015625,16,relu,32,relu,32,relu,64,relu,64,elu,512,relu,0.5,adam,11,25
0.5798799395561218,0.5742185711860657,0.7054794430732727,0.73046875,16,relu,32,relu,32,relu,64,relu,64,elu,512,relu,0.5,adam,12,25
0.5652533769607544,0.6400783061981201,0.718199610710144,0.6640625,16,relu,32,relu,32,relu,64,relu,64,elu,512,relu,0.5,adam,13,25
0.5673910975456238,0.5714623928070068,0.7103717923164368,0.68359375,16,relu,32,relu,32,relu,64,relu,64,elu,512,relu,0.5,adam,14,25
0.5353846549987793,0.538086473941803,0.7333659529685974,0.6953125,16,relu,32,relu,32,relu,64,relu,64,elu,512,relu,0.5,adam,15,25
0.5410388708114624,0.5503875613212585,0.7260273694992065,0.70703125,16,relu,32,relu,32,relu,64,relu,64,elu,512,relu,0.5,adam,16,25
0.5279708504676819,0.5467668771743774,0.7372798323631287,0.71875,16,relu,32,relu,32,relu,64,relu,64,elu,512,relu,0.5,adam,17,25
0.5432285070419312,0.5566049814224243,0.7201565504074097,0.69140625,16,relu,32,relu,32,relu,64,relu,64,elu,512,relu,0.5,adam,18,25
0.5203360319137573,0.5458285808563232,0.7441291809082031,0.7109375,16,relu,32,relu,32,relu,64,relu,64,elu,512,relu,0.5,adam,19,25
0.5005925893783569,0.5460184812545776,0.7529354095458984,0.71875,16,relu,32,relu,32,relu,64,relu,64,elu,512,relu,0.5,adam,20,25
0.5130964517593384,0.5127108693122864,0.7529354095458984,0.76171875,16,relu,32,relu,32,relu,64,relu,64,elu,512,relu,0.5,adam,21,25
0.5143632888793945,0.5381747484207153,0.7421721816062927,0.73828125,16,relu,32,relu,32,relu,64,relu,64,elu,512,relu,0.5,adam,22,25
0.500697910785675,0.5233630537986755,0.7534246444702148,0.734375,16,relu,32,relu,32,relu,64,relu,64,elu,512,relu,0.5,adam,23,25
0.5099278688430786,0.6033461093902588,0.7568492889404297,0.671875,16,relu,32,relu,32,relu,64,relu,64,elu,512,relu,0.5,adam,24,25
0.49820417165756226,0.5081303715705872,0.752446174621582,0.76171875,16,relu,32,relu,32,relu,64,relu,64,elu,512,relu,0.5,adam,25,25
0.8666607141494751,0.6904529333114624,0.5136986374855042,0.5,16,relu,32,relu,32,relu,64,relu,128,selu,512,sigmoid,0.5,adam,1,25
0.7466467022895813,0.6938374638557434,0.5078278183937073,0.5390625,16,relu,32,relu,32,relu,64,relu,128,selu,512,sigmoid,0.5,adam,2,25
0.7291272878646851,0.7228612303733826,0.5107632279396057,0.5390625,16,relu,32,relu,32,relu,64,relu,128,selu,512,sigmoid,0.5,adam,3,25
0.7095330357551575,0.6717737913131714,0.5484344363212585,0.60546875,16,relu,32,relu,32,relu,64,relu,128,selu,512,sigmoid,0.5,adam,4,25
0.7095509171485901,0.6761363744735718,0.5533267855644226,0.6640625,16,relu,32,relu,32,relu,64,relu,128,selu,512,sigmoid,0.5,adam,5,25
0.6884671449661255,0.6690974831581116,0.5802348256111145,0.60546875,16,relu,32,relu,32,relu,64,relu,128,selu,512,sigmoid,0.5,adam,6,25
0.6861633658409119,0.6627655625343323,0.5714285969734192,0.62109375,16,relu,32,relu,32,relu,64,relu,128,selu,512,sigmoid,0.5,adam,7,25
0.6454658508300781,0.7058435678482056,0.6198630332946777,0.5703125,16,relu,32,relu,32,relu,64,relu,128,selu,512,sigmoid,0.5,adam,8,25
0.6231008172035217,0.6433900594711304,0.6428571343421936,0.67578125,16,relu,32,relu,32,relu,64,relu,128,selu,512,sigmoid,0.5,adam,9,25
0.6062218546867371,0.6294346451759338,0.6727005839347839,0.61328125,16,relu,32,relu,32,relu,64,relu,128,selu,512,sigmoid,0.5,adam,10,25
0.6032761931419373,0.6322953104972839,0.6780821681022644,0.66015625,16,relu,32,relu,32,relu,64,relu,128,selu,512,sigmoid,0.5,adam,11,25
0.6002359986305237,0.6163703799247742,0.6741682887077332,0.65234375,16,relu,32,relu,32,relu,64,relu,128,selu,512,sigmoid,0.5,adam,12,25
0.5787216424942017,0.6037402153015137,0.6976516842842102,0.6796875,16,relu,32,relu,32,relu,64,relu,128,selu,512,sigmoid,0.5,adam,13,25
0.5795372724533081,0.5724431276321411,0.6873776912689209,0.70703125,16,relu,32,relu,32,relu,64,relu,128,selu,512,sigmoid,0.5,adam,14,25
0.5675035715103149,0.5793197154998779,0.7020547986030579,0.6953125,16,relu,32,relu,32,relu,64,relu,128,selu,512,sigmoid,0.5,adam,15,25
0.5555946230888367,0.5915659070014954,0.7172211408615112,0.6953125,16,relu,32,relu,32,relu,64,relu,128,selu,512,sigmoid,0.5,adam,16,25
0.5489730834960938,0.5927470922470093,0.7142857313156128,0.6953125,16,relu,32,relu,32,relu,64,relu,128,selu,512,sigmoid,0.5,adam,17,25
0.5480566620826721,0.5751988887786865,0.7162426710128784,0.6953125,16,relu,32,relu,32,relu,64,relu,128,selu,512,sigmoid,0.5,adam,18,25
0.5446131229400635,0.5792132616043091,0.7152642011642456,0.69921875,16,relu,32,relu,32,relu,64,relu,128,selu,512,sigmoid,0.5,adam,19,25
0.537062406539917,0.5428777933120728,0.7274951338768005,0.7109375,16,relu,32,relu,32,relu,64,relu,128,selu,512,sigmoid,0.5,adam,20,25
0.5188615918159485,0.5647950768470764,0.7436399459838867,0.70703125,16,relu,32,relu,32,relu,64,relu,128,selu,512,sigmoid,0.5,adam,21,25
0.5288567543029785,0.5404655933380127,0.7318982481956482,0.734375,16,relu,32,relu,32,relu,64,relu,128,selu,512,sigmoid,0.5,adam,22,25
0.5177298188209534,0.5364173054695129,0.7446184158325195,0.73828125,16,relu,32,relu,32,relu,64,relu,128,selu,512,sigmoid,0.5,adam,23,25
0.5107247233390808,0.5234247446060181,0.7558708190917969,0.73828125,16,relu,32,relu,32,relu,64,relu,128,selu,512,sigmoid,0.5,adam,24,25
0.5110533833503723,0.526906430721283,0.7480430603027344,0.734375,16,relu,32,relu,32,relu,64,relu,128,selu,512,sigmoid,0.5,adam,25,25
0.7443903088569641,0.687566876411438,0.5244618654251099,0.5703125,16,relu,32,relu,32,relu,64,relu,128,selu,512,relu,0.5,adam,1,25
0.6853008270263672,0.681974470615387,0.555283784866333,0.58984375,16,relu,32,relu,32,relu,64,relu,128,selu,512,relu,0.5,adam,2,25
0.6842211484909058,0.6719347238540649,0.5626223087310791,0.5625,16,relu,32,relu,32,relu,64,relu,128,selu,512,relu,0.5,adam,3,25
0.6695550680160522,0.6730692386627197,0.60665363073349,0.5625,16,relu,32,relu,32,relu,64,relu,128,selu,512,relu,0.5,adam,4,25
0.6671056151390076,0.6538400053977966,0.5993150472640991,0.60546875,16,relu,32,relu,32,relu,64,relu,128,selu,512,relu,0.5,adam,5,25
0.6706748008728027,0.6578727960586548,0.6183953285217285,0.640625,16,relu,32,relu,32,relu,64,relu,128,selu,512,relu,0.5,adam,6,25
0.6469047665596008,0.688875675201416,0.6374755501747131,0.65234375,16,relu,32,relu,32,relu,64,relu,128,selu,512,relu,0.5,adam,7,25
0.6509514451026917,0.6403181552886963,0.6291584968566895,0.703125,16,relu,32,relu,32,relu,64,relu,128,selu,512,relu,0.5,adam,8,25
0.6453101634979248,0.6298111081123352,0.6335616707801819,0.66015625,16,relu,32,relu,32,relu,64,relu,128,selu,512,relu,0.5,adam,9,25
0.634115993976593,0.6192541718482971,0.6364970803260803,0.70703125,16,relu,32,relu,32,relu,64,relu,128,selu,512,relu,0.5,adam,10,25
0.630642294883728,0.6354819536209106,0.6521526575088501,0.61328125,16,relu,32,relu,32,relu,64,relu,128,selu,512,relu,0.5,adam,11,25
0.6314669251441956,0.6356525421142578,0.6467710137367249,0.65234375,16,relu,32,relu,32,relu,64,relu,128,selu,512,relu,0.5,adam,12,25
0.6237878203392029,0.6172471046447754,0.6550880670547485,0.68359375,16,relu,32,relu,32,relu,64,relu,128,selu,512,relu,0.5,adam,13,25
0.6135741472244263,0.6395621299743652,0.6800391674041748,0.6796875,16,relu,32,relu,32,relu,64,relu,128,selu,512,relu,0.5,adam,14,25
0.6032050251960754,0.6303282380104065,0.681506872177124,0.6796875,16,relu,32,relu,32,relu,64,relu,128,selu,512,relu,0.5,adam,15,25
0.5952075123786926,0.6000697612762451,0.6790606379508972,0.68359375,16,relu,32,relu,32,relu,64,relu,128,selu,512,relu,0.5,adam,16,25
0.5956601500511169,0.6247368454933167,0.6795498728752136,0.65234375,16,relu,32,relu,32,relu,64,relu,128,selu,512,relu,0.5,adam,17,25
0.5942200422286987,0.6126115918159485,0.6868884563446045,0.6875,16,relu,32,relu,32,relu,64,relu,128,selu,512,relu,0.5,adam,18,25
0.5868554711341858,0.625725269317627,0.692270040512085,0.65234375,16,relu,32,relu,32,relu,64,relu,128,selu,512,relu,0.5,adam,19,25
0.5641711354255676,0.5978584289550781,0.7147749662399292,0.69921875,16,relu,32,relu,32,relu,64,relu,128,selu,512,relu,0.5,adam,20,25
0.5652592778205872,0.6067778468132019,0.7162426710128784,0.640625,16,relu,32,relu,32,relu,64,relu,128,selu,512,relu,0.5,adam,21,25
0.5618969798088074,0.5831971764564514,0.7123287916183472,0.6875,16,relu,32,relu,32,relu,64,relu,128,selu,512,relu,0.5,adam,22,25
0.5561428666114807,0.5685951113700867,0.7118395566940308,0.7109375,16,relu,32,relu,32,relu,64,relu,128,selu,512,relu,0.5,adam,23,25
0.5511126518249512,0.5453217625617981,0.7226027250289917,0.703125,16,relu,32,relu,32,relu,64,relu,128,selu,512,relu,0.5,adam,24,25
0.547731339931488,0.5440439581871033,0.7142857313156128,0.71875,16,relu,32,relu,32,relu,64,relu,128,selu,512,relu,0.5,adam,25,25
0.8031569123268127,0.745836615562439,0.5034246444702148,0.49609375,16,relu,32,relu,32,relu,64,relu,128,elu,512,sigmoid,0.5,adam,1,25
0.719473659992218,0.6677846908569336,0.5362035036087036,0.58203125,16,relu,32,relu,32,relu,64,relu,128,elu,512,sigmoid,0.5,adam,2,25
0.6959904432296753,0.6804124712944031,0.5714285969734192,0.53125,16,relu,32,relu,32,relu,64,relu,128,elu,512,sigmoid,0.5,adam,3,25
0.6759235858917236,0.6584386825561523,0.5861057043075562,0.59375,16,relu,32,relu,32,relu,64,relu,128,elu,512,sigmoid,0.5,adam,4,25
0.6394553184509277,0.6098021268844604,0.6267123222351074,0.66796875,16,relu,32,relu,32,relu,64,relu,128,elu,512,sigmoid,0.5,adam,5,25
0.619623064994812,0.637037992477417,0.6462817788124084,0.63671875,16,relu,32,relu,32,relu,64,relu,128,elu,512,sigmoid,0.5,adam,6,25
0.6232314109802246,0.5852617025375366,0.6526418924331665,0.6953125,16,relu,32,relu,32,relu,64,relu,128,elu,512,sigmoid,0.5,adam,7,25
0.5879966616630554,0.608432412147522,0.6844422817230225,0.66796875,16,relu,32,relu,32,relu,64,relu,128,elu,512,sigmoid,0.5,adam,8,25
0.5716858506202698,0.5805703401565552,0.7005870938301086,0.73046875,16,relu,32,relu,32,relu,64,relu,128,elu,512,sigmoid,0.5,adam,9,25
0.5969782471656799,0.6121623516082764,0.6854207515716553,0.66796875,16,relu,32,relu,32,relu,64,relu,128,elu,512,sigmoid,0.5,adam,10,25
0.6142274141311646,0.5728551745414734,0.6634050607681274,0.72265625,16,relu,32,relu,32,relu,64,relu,128,elu,512,sigmoid,0.5,adam,11,25
0.576189398765564,0.618827760219574,0.7035225033760071,0.6640625,16,relu,32,relu,32,relu,64,relu,128,elu,512,sigmoid,0.5,adam,12,25
0.5498412251472473,0.5611197352409363,0.7289628386497498,0.72265625,16,relu,32,relu,32,relu,64,relu,128,elu,512,sigmoid,0.5,adam,13,25
0.5464882850646973,0.5661386251449585,0.7206457853317261,0.7109375,16,relu,32,relu,32,relu,64,relu,128,elu,512,sigmoid,0.5,adam,14,25
0.5474678874015808,0.5789009928703308,0.7216242551803589,0.703125,16,relu,32,relu,32,relu,64,relu,128,elu,512,sigmoid,0.5,adam,15,25
0.5540030598640442,0.5747852325439453,0.7230919599533081,0.69921875,16,relu,32,relu,32,relu,64,relu,128,elu,512,sigmoid,0.5,adam,16,25
0.5559930205345154,0.5695096254348755,0.7196673154830933,0.6796875,16,relu,32,relu,32,relu,64,relu,128,elu,512,sigmoid,0.5,adam,17,25
0.5323025584220886,0.5754795670509338,0.7392367720603943,0.70703125,16,relu,32,relu,32,relu,64,relu,128,elu,512,sigmoid,0.5,adam,18,25
0.5290113687515259,0.5150036811828613,0.7431507110595703,0.75,16,relu,32,relu,32,relu,64,relu,128,elu,512,sigmoid,0.5,adam,19,25
0.5221235156059265,0.5284221172332764,0.7421721816062927,0.7421875,16,relu,32,relu,32,relu,64,relu,128,elu,512,sigmoid,0.5,adam,20,25
0.5207499861717224,0.5185938477516174,0.735322892665863,0.765625,16,relu,32,relu,32,relu,64,relu,128,elu,512,sigmoid,0.5,adam,21,25
0.5274237394332886,0.5357615947723389,0.7363013625144958,0.70703125,16,relu,32,relu,32,relu,64,relu,128,elu,512,sigmoid,0.5,adam,22,25
0.5163387656211853,0.5171594023704529,0.7509784698486328,0.75,16,relu,32,relu,32,relu,64,relu,128,elu,512,sigmoid,0.5,adam,23,25
0.5172898769378662,0.5032953023910522,0.7299413084983826,0.7578125,16,relu,32,relu,32,relu,64,relu,128,elu,512,sigmoid,0.5,adam,24,25
0.4971058964729309,0.533495306968689,0.7495107650756836,0.73828125,16,relu,32,relu,32,relu,64,relu,128,elu,512,sigmoid,0.5,adam,25,25
0.7304897904396057,0.6885960102081299,0.5283757448196411,0.59375,16,relu,32,relu,32,relu,64,relu,128,elu,512,relu,0.5,adam,1,25
0.675954282283783,0.6816108226776123,0.5909980535507202,0.52734375,16,relu,32,relu,32,relu,64,relu,128,elu,512,relu,0.5,adam,2,25
0.6505264639854431,0.6634455919265747,0.6193737983703613,0.63671875,16,relu,32,relu,32,relu,64,relu,128,elu,512,relu,0.5,adam,3,25
0.646377682685852,0.6203883290290833,0.623776912689209,0.6953125,16,relu,32,relu,32,relu,64,relu,128,elu,512,relu,0.5,adam,4,25
0.6210195422172546,0.6242226362228394,0.6492172479629517,0.6796875,16,relu,32,relu,32,relu,64,relu,128,elu,512,relu,0.5,adam,5,25
0.6300404071807861,0.6066507697105408,0.658023476600647,0.6875,16,relu,32,relu,32,relu,64,relu,128,elu,512,relu,0.5,adam,6,25
0.6134424805641174,0.597923755645752,0.6741682887077332,0.703125,16,relu,32,relu,32,relu,64,relu,128,elu,512,relu,0.5,adam,7,25
0.6055170297622681,0.6066162586212158,0.6682974696159363,0.66796875,16,relu,32,relu,32,relu,64,relu,128,elu,512,relu,0.5,adam,8,25
0.5883581042289734,0.615997850894928,0.701076328754425,0.671875,16,relu,32,relu,32,relu,64,relu,128,elu,512,relu,0.5,adam,9,25
0.5962393879890442,0.5832301378250122,0.6854207515716553,0.6953125,16,relu,32,relu,32,relu,64,relu,128,elu,512,relu,0.5,adam,10,25
0.5799568891525269,0.592261791229248,0.7000978589057922,0.66015625,16,relu,32,relu,32,relu,64,relu,128,elu,512,relu,0.5,adam,11,25
0.5691203474998474,0.5440711975097656,0.7064579129219055,0.72265625,16,relu,32,relu,32,relu,64,relu,128,elu,512,relu,0.5,adam,12,25
0.5519155263900757,0.5598568916320801,0.726516604423523,0.734375,16,relu,32,relu,32,relu,64,relu,128,elu,512,relu,0.5,adam,13,25
0.5482795238494873,0.5518169403076172,0.7299413084983826,0.72265625,16,relu,32,relu,32,relu,64,relu,128,elu,512,relu,0.5,adam,14,25
0.5451417565345764,0.5273088216781616,0.7250488996505737,0.72265625,16,relu,32,relu,32,relu,64,relu,128,elu,512,relu,0.5,adam,15,25
0.5351352691650391,0.5698761343955994,0.7314090132713318,0.67578125,16,relu,32,relu,32,relu,64,relu,128,elu,512,relu,0.5,adam,16,25
0.5284183025360107,0.5332363843917847,0.7377690672874451,0.7109375,16,relu,32,relu,32,relu,64,relu,128,elu,512,relu,0.5,adam,17,25
0.513416051864624,0.5250899195671082,0.75,0.7421875,16,relu,32,relu,32,relu,64,relu,128,elu,512,relu,0.5,adam,18,25
0.528220534324646,0.5423845052719116,0.7421721816062927,0.72265625,16,relu,32,relu,32,relu,64,relu,128,elu,512,relu,0.5,adam,19,25
0.5098666548728943,0.547505795955658,0.7539138793945312,0.71875,16,relu,32,relu,32,relu,64,relu,128,elu,512,relu,0.5,adam,20,25
0.5164808630943298,0.5278597474098206,0.7548923492431641,0.74609375,16,relu,32,relu,32,relu,64,relu,128,elu,512,relu,0.5,adam,21,25
0.49138501286506653,0.5437722206115723,0.7612524628639221,0.7265625,16,relu,32,relu,32,relu,64,relu,128,elu,512,relu,0.5,adam,22,25
0.49018236994743347,0.525169849395752,0.7588062882423401,0.74609375,16,relu,32,relu,32,relu,64,relu,128,elu,512,relu,0.5,adam,23,25
0.4834592342376709,0.5134680271148682,0.7685909867286682,0.75,16,relu,32,relu,32,relu,64,relu,128,elu,512,relu,0.5,adam,24,25
0.4909200370311737,0.4977155029773712,0.767123281955719,0.73046875,16,relu,32,relu,32,relu,64,relu,128,elu,512,relu,0.5,adam,25,25
0.769116997718811,0.7102736234664917,0.5229941010475159,0.5,16,relu,32,relu,64,relu,64,relu,64,selu,512,sigmoid,0.5,adam,1,25
0.7221489548683167,0.7088115811347961,0.548923671245575,0.5078125,16,relu,32,relu,64,relu,64,relu,64,selu,512,sigmoid,0.5,adam,2,25
0.7221217155456543,0.6664105653762817,0.5503913760185242,0.625,16,relu,32,relu,64,relu,64,relu,64,selu,512,sigmoid,0.5,adam,3,25
0.6770802736282349,0.6578329801559448,0.5968688726425171,0.58203125,16,relu,32,relu,64,relu,64,relu,64,selu,512,sigmoid,0.5,adam,4,25
0.6625649333000183,0.724013090133667,0.6291584968566895,0.57421875,16,relu,32,relu,64,relu,64,relu,64,selu,512,sigmoid,0.5,adam,5,25
0.6472663879394531,0.6394429802894592,0.6223092079162598,0.64453125,16,relu,32,relu,64,relu,64,relu,64,selu,512,sigmoid,0.5,adam,6,25
0.6293399930000305,0.6301795244216919,0.6492172479629517,0.63671875,16,relu,32,relu,64,relu,64,relu,64,selu,512,sigmoid,0.5,adam,7,25
0.6221020817756653,0.6437958478927612,0.6506849527359009,0.625,16,relu,32,relu,64,relu,64,relu,64,selu,512,sigmoid,0.5,adam,8,25
0.6018489003181458,0.62810879945755,0.6912915706634521,0.69140625,16,relu,32,relu,64,relu,64,relu,64,selu,512,sigmoid,0.5,adam,9,25
0.5737980008125305,0.5922885537147522,0.6991193890571594,0.6953125,16,relu,32,relu,64,relu,64,relu,64,selu,512,sigmoid,0.5,adam,10,25
0.5916153788566589,0.6211177110671997,0.6927592754364014,0.6640625,16,relu,32,relu,64,relu,64,relu,64,selu,512,sigmoid,0.5,adam,11,25
0.5673249363899231,0.6465489864349365,0.7015655636787415,0.703125,16,relu,32,relu,64,relu,64,relu,64,selu,512,sigmoid,0.5,adam,12,25
0.5555112361907959,0.6287111639976501,0.7089040875434875,0.71484375,16,relu,32,relu,64,relu,64,relu,64,selu,512,sigmoid,0.5,adam,13,25
0.5481391549110413,0.5595481395721436,0.7191780805587769,0.71484375,16,relu,32,relu,64,relu,64,relu,64,selu,512,sigmoid,0.5,adam,14,25
0.5429677963256836,0.52008056640625,0.7343444228172302,0.75390625,16,relu,32,relu,64,relu,64,relu,64,selu,512,sigmoid,0.5,adam,15,25
0.5383021831512451,0.5721142292022705,0.7314090132713318,0.6953125,16,relu,32,relu,64,relu,64,relu,64,selu,512,sigmoid,0.5,adam,16,25
0.5377600193023682,0.5355168581008911,0.7196673154830933,0.74609375,16,relu,32,relu,64,relu,64,relu,64,selu,512,sigmoid,0.5,adam,17,25
0.5218684077262878,0.5538614392280579,0.7426614761352539,0.73046875,16,relu,32,relu,64,relu,64,relu,64,selu,512,sigmoid,0.5,adam,18,25
0.4984728693962097,0.5766220092773438,0.7597847580909729,0.71875,16,relu,32,relu,64,relu,64,relu,64,selu,512,sigmoid,0.5,adam,19,25
0.49902865290641785,0.5486859083175659,0.7587890625,0.73828125,16,relu,32,relu,64,relu,64,relu,64,selu,512,sigmoid,0.5,adam,20,25
0.5185040235519409,0.5037950873374939,0.7392578125,0.7421875,16,relu,32,relu,64,relu,64,relu,64,selu,512,sigmoid,0.5,adam,21,25
0.4827658534049988,0.553693413734436,0.7705479264259338,0.73828125,16,relu,32,relu,64,relu,64,relu,64,selu,512,sigmoid,0.5,adam,22,25
0.49306556582450867,0.5254765152931213,0.767123281955719,0.7109375,16,relu,32,relu,64,relu,64,relu,64,selu,512,sigmoid,0.5,adam,23,25
0.48097220063209534,0.5151397585868835,0.7578278183937073,0.734375,16,relu,32,relu,64,relu,64,relu,64,selu,512,sigmoid,0.5,adam,24,25
0.4872691035270691,0.5360125303268433,0.7627201676368713,0.73828125,16,relu,32,relu,64,relu,64,relu,64,selu,512,sigmoid,0.5,adam,25,25
0.815838634967804,0.6766384840011597,0.5249511003494263,0.578125,16,relu,32,relu,64,relu,64,relu,64,selu,512,relu,0.5,adam,1,25
0.671391487121582,0.6741086840629578,0.5733855366706848,0.609375,16,relu,32,relu,64,relu,64,relu,64,selu,512,relu,0.5,adam,2,25
0.6652826070785522,0.6535007953643799,0.6027397513389587,0.62109375,16,relu,32,relu,64,relu,64,relu,64,selu,512,relu,0.5,adam,3,25
0.6472869515419006,0.6267034411430359,0.626223087310791,0.64453125,16,relu,32,relu,64,relu,64,relu,64,selu,512,relu,0.5,adam,4,25
0.6273829936981201,0.6393578052520752,0.6482387185096741,0.6171875,16,relu,32,relu,64,relu,64,relu,64,selu,512,relu,0.5,adam,5,25
0.6442959308624268,0.653329074382782,0.6428571343421936,0.62890625,16,relu,32,relu,64,relu,64,relu,64,selu,512,relu,0.5,adam,6,25
0.6262940168380737,0.6127343773841858,0.6506849527359009,0.6953125,16,relu,32,relu,64,relu,64,relu,64,selu,512,relu,0.5,adam,7,25
0.6158985495567322,0.6306155323982239,0.6638942956924438,0.65625,16,relu,32,relu,64,relu,64,relu,64,selu,512,relu,0.5,adam,8,25
0.6072657108306885,0.5957078337669373,0.6785714030265808,0.69140625,16,relu,32,relu,64,relu,64,relu,64,selu,512,relu,0.5,adam,9,25
0.5739623308181763,0.5803156495094299,0.6956947445869446,0.71875,16,relu,32,relu,64,relu,64,relu,64,selu,512,relu,0.5,adam,10,25
0.5697916746139526,0.6020129919052124,0.718199610710144,0.6640625,16,relu,32,relu,64,relu,64,relu,64,selu,512,relu,0.5,adam,11,25
0.5732329487800598,0.584827184677124,0.6917808055877686,0.66015625,16,relu,32,relu,64,relu,64,relu,64,selu,512,relu,0.5,adam,12,25
0.5679541230201721,0.592463493347168,0.7069471478462219,0.6796875,16,relu,32,relu,64,relu,64,relu,64,selu,512,relu,0.5,adam,13,25
0.5580356121063232,0.5690425634384155,0.7128180265426636,0.7109375,16,relu,32,relu,64,relu,64,relu,64,selu,512,relu,0.5,adam,14,25
0.5497671961784363,0.5751162767410278,0.7079256176948547,0.70703125,16,relu,32,relu,64,relu,64,relu,64,selu,512,relu,0.5,adam,15,25
0.5424619317054749,0.5489578247070312,0.7284736037254333,0.71875,16,relu,32,relu,64,relu,64,relu,64,selu,512,relu,0.5,adam,16,25
0.5264313817024231,0.5575140714645386,0.7382583022117615,0.72265625,16,relu,32,relu,64,relu,64,relu,64,selu,512,relu,0.5,adam,17,25
0.5249086618423462,0.5758002996444702,0.7387475371360779,0.734375,16,relu,32,relu,64,relu,64,relu,64,selu,512,relu,0.5,adam,18,25
0.5250836610794067,0.5605388879776001,0.7397260069847107,0.72265625,16,relu,32,relu,64,relu,64,relu,64,selu,512,relu,0.5,adam,19,25
0.5111228823661804,0.5339617133140564,0.7495107650756836,0.73828125,16,relu,32,relu,64,relu,64,relu,64,selu,512,relu,0.5,adam,20,25
0.4990563690662384,0.5365696549415588,0.7612524628639221,0.734375,16,relu,32,relu,64,relu,64,relu,64,selu,512,relu,0.5,adam,21,25
0.4988555312156677,0.5291198492050171,0.7563600540161133,0.734375,16,relu,32,relu,64,relu,64,relu,64,selu,512,relu,0.5,adam,22,25
0.4797067940235138,0.5170989632606506,0.7764188051223755,0.73828125,16,relu,32,relu,64,relu,64,relu,64,selu,512,relu,0.5,adam,23,25
0.46611151099205017,0.49232929944992065,0.7891389727592468,0.765625,16,relu,32,relu,64,relu,64,relu,64,selu,512,relu,0.5,adam,24,25
0.4593522548675537,0.5195557475090027,0.7778865098953247,0.75390625,16,relu,32,relu,64,relu,64,relu,64,selu,512,relu,0.5,adam,25,25
0.7624437212944031,0.6597751379013062,0.523483395576477,0.578125,16,relu,32,relu,64,relu,64,relu,64,elu,512,sigmoid,0.5,adam,1,25
0.7069441676139832,0.647977352142334,0.5621330738067627,0.609375,16,relu,32,relu,64,relu,64,relu,64,elu,512,sigmoid,0.5,adam,2,25
0.685210645198822,0.6205989122390747,0.5841487050056458,0.64453125,16,relu,32,relu,64,relu,64,relu,64,elu,512,sigmoid,0.5,adam,3,25
0.6464471220970154,0.6190913319587708,0.6462817788124084,0.65234375,16,relu,32,relu,64,relu,64,relu,64,elu,512,sigmoid,0.5,adam,4,25
0.6317461133003235,0.639884889125824,0.6399217247962952,0.65625,16,relu,32,relu,64,relu,64,relu,64,elu,512,sigmoid,0.5,adam,5,25
0.6049589514732361,0.5923429727554321,0.6761252284049988,0.6875,16,relu,32,relu,64,relu,64,relu,64,elu,512,sigmoid,0.5,adam,6,25
0.5829442143440247,0.6105828881263733,0.696183979511261,0.703125,16,relu,32,relu,64,relu,64,relu,64,elu,512,sigmoid,0.5,adam,7,25
0.584659218788147,0.6060522198677063,0.6942269802093506,0.671875,16,relu,32,relu,64,relu,64,relu,64,elu,512,sigmoid,0.5,adam,8,25
0.5748176574707031,0.5735783576965332,0.7000978589057922,0.71484375,16,relu,32,relu,64,relu,64,relu,64,elu,512,sigmoid,0.5,adam,9,25
0.5786370038986206,0.5484112501144409,0.6863992214202881,0.70703125,16,relu,32,relu,64,relu,64,relu,64,elu,512,sigmoid,0.5,adam,10,25
0.5586289763450623,0.5589175224304199,0.7186888456344604,0.69921875,16,relu,32,relu,64,relu,64,relu,64,elu,512,sigmoid,0.5,adam,11,25
0.546440839767456,0.5846245884895325,0.7167319059371948,0.6953125,16,relu,32,relu,64,relu,64,relu,64,elu,512,sigmoid,0.5,adam,12,25
0.5538474321365356,0.5468258857727051,0.7069471478462219,0.7109375,16,relu,32,relu,64,relu,64,relu,64,elu,512,sigmoid,0.5,adam,13,25
0.5300487875938416,0.5498315691947937,0.7221134901046753,0.74609375,16,relu,32,relu,64,relu,64,relu,64,elu,512,sigmoid,0.5,adam,14,25
0.537198007106781,0.5965371131896973,0.732876718044281,0.6953125,16,relu,32,relu,64,relu,64,relu,64,elu,512,sigmoid,0.5,adam,15,25
0.5367149710655212,0.6329770684242249,0.730430543422699,0.6484375,16,relu,32,relu,64,relu,64,relu,64,elu,512,sigmoid,0.5,adam,16,25
0.5423679351806641,0.5298895239830017,0.7206457853317261,0.73046875,16,relu,32,relu,64,relu,64,relu,64,elu,512,sigmoid,0.5,adam,17,25
0.5154856443405151,0.5058915615081787,0.7455968856811523,0.765625,16,relu,32,relu,64,relu,64,relu,64,elu,512,sigmoid,0.5,adam,18,25
0.5181496739387512,0.5217859745025635,0.7421721816062927,0.74609375,16,relu,32,relu,64,relu,64,relu,64,elu,512,sigmoid,0.5,adam,19,25
0.5080538988113403,0.5329602360725403,0.7553815841674805,0.76171875,16,relu,32,relu,64,relu,64,relu,64,elu,512,sigmoid,0.5,adam,20,25
0.49671751260757446,0.5628460645675659,0.7534246444702148,0.72265625,16,relu,32,relu,64,relu,64,relu,64,elu,512,sigmoid,0.5,adam,21,25
0.5019423365592957,0.5572223663330078,0.7602739930152893,0.734375,16,relu,32,relu,64,relu,64,relu,64,elu,512,sigmoid,0.5,adam,22,25
0.507352352142334,0.46856409311294556,0.7504892349243164,0.765625,16,relu,32,relu,64,relu,64,relu,64,elu,512,sigmoid,0.5,adam,23,25
0.48421359062194824,0.4755478799343109,0.7715263962745667,0.75390625,16,relu,32,relu,64,relu,64,relu,64,elu,512,sigmoid,0.5,adam,24,25
0.4841170012950897,0.5040014982223511,0.7656555771827698,0.75,16,relu,32,relu,64,relu,64,relu,64,elu,512,sigmoid,0.5,adam,25,25
0.7220339179039001,0.6897755265235901,0.5308219194412231,0.51171875,16,relu,32,relu,64,relu,64,relu,64,elu,512,relu,0.5,adam,1,25
0.6899653673171997,0.6851260662078857,0.5391389727592468,0.52734375,16,relu,32,relu,64,relu,64,relu,64,elu,512,relu,0.5,adam,2,25
0.6774892807006836,0.6598557233810425,0.5782778859138489,0.58984375,16,relu,32,relu,64,relu,64,relu,64,elu,512,relu,0.5,adam,3,25
0.657646119594574,0.6642171144485474,0.5973581075668335,0.59765625,16,relu,32,relu,64,relu,64,relu,64,elu,512,relu,0.5,adam,4,25
0.6500267386436462,0.6066091656684875,0.6252446174621582,0.68359375,16,relu,32,relu,64,relu,64,relu,64,elu,512,relu,0.5,adam,5,25
0.6259386539459229,0.6176170110702515,0.6570450067520142,0.62890625,16,relu,32,relu,64,relu,64,relu,64,elu,512,relu,0.5,adam,6,25
0.6239300966262817,0.6427595019340515,0.6497064828872681,0.63671875,16,relu,32,relu,64,relu,64,relu,64,elu,512,relu,0.5,adam,7,25
0.6201364994049072,0.6309326887130737,0.662915825843811,0.63671875,16,relu,32,relu,64,relu,64,relu,64,elu,512,relu,0.5,adam,8,25
0.6063078045845032,0.6010457277297974,0.677592933177948,0.6875,16,relu,32,relu,64,relu,64,relu,64,elu,512,relu,0.5,adam,9,25
0.5891823768615723,0.6114985346794128,0.6971624493598938,0.64453125,16,relu,32,relu,64,relu,64,relu,64,elu,512,relu,0.5,adam,10,25
0.5748450756072998,0.5744561553001404,0.7079256176948547,0.7109375,16,relu,32,relu,64,relu,64,relu,64,elu,512,relu,0.5,adam,11,25
0.5838095545768738,0.5922837853431702,0.6908023357391357,0.67578125,16,relu,32,relu,64,relu,64,relu,64,elu,512,relu,0.5,adam,12,25
0.5833055973052979,0.58355712890625,0.701076328754425,0.6875,16,relu,32,relu,64,relu,64,relu,64,elu,512,relu,0.5,adam,13,25
0.5541715025901794,0.5668393969535828,0.7079256176948547,0.703125,16,relu,32,relu,64,relu,64,relu,64,elu,512,relu,0.5,adam,14,25
0.555786669254303,0.5845000743865967,0.7098825573921204,0.69921875,16,relu,32,relu,64,relu,64,relu,64,elu,512,relu,0.5,adam,15,25
0.5666133761405945,0.5705028772354126,0.7025440335273743,0.6875,16,relu,32,relu,64,relu,64,relu,64,elu,512,relu,0.5,adam,16,25
0.5541247725486755,0.5160523653030396,0.7177103757858276,0.734375,16,relu,32,relu,64,relu,64,relu,64,elu,512,relu,0.5,adam,17,25
0.5459606051445007,0.5229385495185852,0.7294520735740662,0.72265625,16,relu,32,relu,64,relu,64,relu,64,elu,512,relu,0.5,adam,18,25
0.5319877862930298,0.5381397008895874,0.7358121275901794,0.6875,16,relu,32,relu,64,relu,64,relu,64,elu,512,relu,0.5,adam,19,25
0.5296483635902405,0.529265284538269,0.7411937117576599,0.75,16,relu,32,relu,64,relu,64,relu,64,elu,512,relu,0.5,adam,20,25
0.5188379883766174,0.5142151117324829,0.7416829466819763,0.74609375,16,relu,32,relu,64,relu,64,relu,64,elu,512,relu,0.5,adam,21,25
0.5375521779060364,0.6280583739280701,0.730430543422699,0.625,16,relu,32,relu,64,relu,64,relu,64,elu,512,relu,0.5,adam,22,25
0.5322226881980896,0.5145257711410522,0.7426614761352539,0.73046875,16,relu,32,relu,64,relu,64,relu,64,elu,512,relu,0.5,adam,23,25
0.5154619812965393,0.5089386105537415,0.7460861206054688,0.7578125,16,relu,32,relu,64,relu,64,relu,64,elu,512,relu,0.5,adam,24,25
0.5003206729888916,0.5350978970527649,0.7578278183937073,0.6953125,16,relu,32,relu,64,relu,64,relu,64,elu,512,relu,0.5,adam,25,25
0.8949061632156372,0.7533363103866577,0.5127201676368713,0.5,16,relu,32,relu,64,relu,64,relu,128,selu,512,sigmoid,0.5,adam,1,25
0.6940246820449829,0.6479949951171875,0.5792563557624817,0.59375,16,relu,32,relu,64,relu,64,relu,128,selu,512,sigmoid,0.5,adam,2,25
0.6573778986930847,0.6275362372398376,0.6208415031433105,0.63671875,16,relu,32,relu,64,relu,64,relu,128,selu,512,sigmoid,0.5,adam,3,25
0.6519947052001953,0.5822879076004028,0.6320939064025879,0.703125,16,relu,32,relu,64,relu,64,relu,128,selu,512,sigmoid,0.5,adam,4,25
0.6159622669219971,0.5877451300621033,0.6536203622817993,0.6953125,16,relu,32,relu,64,relu,64,relu,128,selu,512,sigmoid,0.5,adam,5,25
0.6012787818908691,0.6016112565994263,0.662915825843811,0.66015625,16,relu,32,relu,64,relu,64,relu,128,selu,512,sigmoid,0.5,adam,6,25
0.6078301072120667,0.5889270901679993,0.6550880670547485,0.69140625,16,relu,32,relu,64,relu,64,relu,128,selu,512,sigmoid,0.5,adam,7,25
0.5904685258865356,0.6110312938690186,0.683953046798706,0.6640625,16,relu,32,relu,64,relu,64,relu,128,selu,512,sigmoid,0.5,adam,8,25
0.5703858733177185,0.556432843208313,0.7005870938301086,0.72265625,16,relu,32,relu,64,relu,64,relu,128,selu,512,sigmoid,0.5,adam,9,25
0.5668233036994934,0.5590474009513855,0.6991193890571594,0.71875,16,relu,32,relu,64,relu,64,relu,128,selu,512,sigmoid,0.5,adam,10,25
0.5745562314987183,0.5447874069213867,0.6903131008148193,0.68359375,16,relu,32,relu,64,relu,64,relu,128,selu,512,sigmoid,0.5,adam,11,25
0.5535845756530762,0.5644038319587708,0.7098825573921204,0.703125,16,relu,32,relu,64,relu,64,relu,128,selu,512,sigmoid,0.5,adam,12,25
0.5597347021102905,0.5608610510826111,0.7074363827705383,0.69140625,16,relu,32,relu,64,relu,64,relu,128,selu,512,sigmoid,0.5,adam,13,25
0.5519871711730957,0.5635107755661011,0.7221134901046753,0.6875,16,relu,32,relu,64,relu,64,relu,128,selu,512,sigmoid,0.5,adam,14,25
0.5272666215896606,0.5200295448303223,0.7343444228172302,0.7578125,16,relu,32,relu,64,relu,64,relu,128,selu,512,sigmoid,0.5,adam,15,25
0.5539872646331787,0.5435793995857239,0.7079256176948547,0.75,16,relu,32,relu,64,relu,64,relu,128,selu,512,sigmoid,0.5,adam,16,25
0.542897641658783,0.5260272026062012,0.730430543422699,0.73046875,16,relu,32,relu,64,relu,64,relu,128,selu,512,sigmoid,0.5,adam,17,25
0.5385990738868713,0.531911313533783,0.7260273694992065,0.75390625,16,relu,32,relu,64,relu,64,relu,128,selu,512,sigmoid,0.5,adam,18,25
0.5191234946250916,0.48523572087287903,0.735322892665863,0.78125,16,relu,32,relu,64,relu,64,relu,128,selu,512,sigmoid,0.5,adam,19,25
0.5089612007141113,0.577942967414856,0.7441291809082031,0.7109375,16,relu,32,relu,64,relu,64,relu,128,selu,512,sigmoid,0.5,adam,20,25
0.5203589797019958,0.5128107070922852,0.7431507110595703,0.7734375,16,relu,32,relu,64,relu,64,relu,128,selu,512,sigmoid,0.5,adam,21,25
0.5089494585990906,0.5326324105262756,0.7460861206054688,0.71484375,16,relu,32,relu,64,relu,64,relu,128,selu,512,sigmoid,0.5,adam,22,25
0.5077410936355591,0.49910131096839905,0.7578278183937073,0.75390625,16,relu,32,relu,64,relu,64,relu,128,selu,512,sigmoid,0.5,adam,23,25
0.5025535821914673,0.5250092148780823,0.7553815841674805,0.75390625,16,relu,32,relu,64,relu,64,relu,128,selu,512,sigmoid,0.5,adam,24,25
0.5107587575912476,0.5305424928665161,0.7436399459838867,0.73828125,16,relu,32,relu,64,relu,64,relu,128,selu,512,sigmoid,0.5,adam,25,25
0.7383551001548767,0.6762439608573914,0.5445205569267273,0.55859375,16,relu,32,relu,64,relu,64,relu,128,selu,512,relu,0.5,adam,1,25
0.673748791217804,0.671541690826416,0.5865949392318726,0.59375,16,relu,32,relu,64,relu,64,relu,128,selu,512,relu,0.5,adam,2,25
0.6647290587425232,0.6473202705383301,0.5861057043075562,0.6328125,16,relu,32,relu,64,relu,64,relu,128,selu,512,relu,0.5,adam,3,25
0.644831120967865,0.6379257440567017,0.6301369667053223,0.6640625,16,relu,32,relu,64,relu,64,relu,128,selu,512,relu,0.5,adam,4,25
0.6385476589202881,0.6763824224472046,0.6379647850990295,0.57421875,16,relu,32,relu,64,relu,64,relu,128,selu,512,relu,0.5,adam,5,25
0.6336917281150818,0.6649197340011597,0.640900194644928,0.58203125,16,relu,32,relu,64,relu,64,relu,128,selu,512,relu,0.5,adam,6,25
0.6219191551208496,0.6319564580917358,0.6501957178115845,0.64453125,16,relu,32,relu,64,relu,64,relu,128,selu,512,relu,0.5,adam,7,25
0.6292982697486877,0.6604385375976562,0.6472602486610413,0.640625,16,relu,32,relu,64,relu,64,relu,128,selu,512,relu,0.5,adam,8,25
0.6071453094482422,0.5895529985427856,0.6658512949943542,0.6953125,16,relu,32,relu,64,relu,64,relu,128,selu,512,relu,0.5,adam,9,25
0.6020443439483643,0.5760616064071655,0.6756359934806824,0.71484375,16,relu,32,relu,64,relu,64,relu,128,selu,512,relu,0.5,adam,10,25
0.5900757312774658,0.5812059640884399,0.6859099864959717,0.6875,16,relu,32,relu,64,relu,64,relu,128,selu,512,relu,0.5,adam,11,25
0.5882979035377502,0.5944854617118835,0.6903131008148193,0.6796875,16,relu,32,relu,64,relu,64,relu,128,selu,512,relu,0.5,adam,12,25
0.5936036109924316,0.5984869003295898,0.6878669261932373,0.72265625,16,relu,32,relu,64,relu,64,relu,128,selu,512,relu,0.5,adam,13,25
0.5697060823440552,0.5936307311058044,0.709393322467804,0.66015625,16,relu,32,relu,64,relu,64,relu,128,selu,512,relu,0.5,adam,14,25
0.5600645542144775,0.5749384760856628,0.7108610272407532,0.69921875,16,relu,32,relu,64,relu,64,relu,128,selu,512,relu,0.5,adam,15,25
0.5570043921470642,0.5625672340393066,0.7147749662399292,0.7109375,16,relu,32,relu,64,relu,64,relu,128,selu,512,relu,0.5,adam,16,25
0.551895022392273,0.5735155940055847,0.7211350202560425,0.69921875,16,relu,32,relu,64,relu,64,relu,128,selu,512,relu,0.5,adam,17,25
0.530950665473938,0.6158739924430847,0.7411937117576599,0.73046875,16,relu,32,relu,64,relu,64,relu,128,selu,512,relu,0.5,adam,18,25
0.5323678851127625,0.5103634595870972,0.7294520735740662,0.7421875,16,relu,32,relu,64,relu,64,relu,128,selu,512,relu,0.5,adam,19,25
0.5164897441864014,0.5501245260238647,0.7431507110595703,0.72265625,16,relu,32,relu,64,relu,64,relu,128,selu,512,relu,0.5,adam,20,25
0.49324357509613037,0.5027462244033813,0.7661448121070862,0.76171875,16,relu,32,relu,64,relu,64,relu,128,selu,512,relu,0.5,adam,21,25
0.5224400758743286,0.5353381633758545,0.7455968856811523,0.7265625,16,relu,32,relu,64,relu,64,relu,128,selu,512,relu,0.5,adam,22,25
0.502790093421936,0.5142207741737366,0.7632094025611877,0.734375,16,relu,32,relu,64,relu,64,relu,128,selu,512,relu,0.5,adam,23,25
0.5012092590332031,0.5273035764694214,0.7495107650756836,0.72265625,16,relu,32,relu,64,relu,64,relu,128,selu,512,relu,0.5,adam,24,25
0.46903368830680847,0.5176376104354858,0.7783757448196411,0.76953125,16,relu,32,relu,64,relu,64,relu,128,selu,512,relu,0.5,adam,25,25
0.8155144453048706,0.6950690746307373,0.5004892349243164,0.5078125,16,relu,32,relu,64,relu,64,relu,128,elu,512,sigmoid,0.5,adam,1,25
0.7185171246528625,0.6689934134483337,0.5362035036087036,0.58203125,16,relu,32,relu,64,relu,64,relu,128,elu,512,sigmoid,0.5,adam,2,25
0.6863297820091248,0.652676522731781,0.5909980535507202,0.625,16,relu,32,relu,64,relu,64,relu,128,elu,512,sigmoid,0.5,adam,3,25
0.6792089939117432,0.6694947481155396,0.5846379399299622,0.5859375,16,relu,32,relu,64,relu,64,relu,128,elu,512,sigmoid,0.5,adam,4,25
0.644476592540741,0.6296435594558716,0.6316046714782715,0.6328125,16,relu,32,relu,64,relu,64,relu,128,elu,512,sigmoid,0.5,adam,5,25
0.6148077249526978,0.6337529420852661,0.6624265909194946,0.64453125,16,relu,32,relu,64,relu,64,relu,128,elu,512,sigmoid,0.5,adam,6,25
0.6057106852531433,0.6028397083282471,0.6663405299186707,0.67578125,16,relu,32,relu,64,relu,64,relu,128,elu,512,sigmoid,0.5,adam,7,25
0.5998266339302063,0.6459452509880066,0.6780821681022644,0.59765625,16,relu,32,relu,64,relu,64,relu,128,elu,512,sigmoid,0.5,adam,8,25
0.6009705662727356,0.6063230037689209,0.6736790537834167,0.69140625,16,relu,32,relu,64,relu,64,relu,128,elu,512,sigmoid,0.5,adam,9,25
0.5753271579742432,0.6083796620368958,0.694716215133667,0.66015625,16,relu,32,relu,64,relu,64,relu,128,elu,512,sigmoid,0.5,adam,10,25
0.5664241313934326,0.5904794931411743,0.7074363827705383,0.68359375,16,relu,32,relu,64,relu,64,relu,128,elu,512,sigmoid,0.5,adam,11,25
0.5508354306221008,0.6093388199806213,0.71330726146698,0.6796875,16,relu,32,relu,64,relu,64,relu,128,elu,512,sigmoid,0.5,adam,12,25
0.5561548471450806,0.5542280077934265,0.7049902081489563,0.73046875,16,relu,32,relu,64,relu,64,relu,128,elu,512,sigmoid,0.5,adam,13,25
0.5413673520088196,0.5767982602119446,0.7211350202560425,0.703125,16,relu,32,relu,64,relu,64,relu,128,elu,512,sigmoid,0.5,adam,14,25
0.5405733585357666,0.5640080571174622,0.7240704298019409,0.6953125,16,relu,32,relu,64,relu,64,relu,128,elu,512,sigmoid,0.5,adam,15,25
0.5397166013717651,0.5960071682929993,0.7240704298019409,0.69140625,16,relu,32,relu,64,relu,64,relu,128,elu,512,sigmoid,0.5,adam,16,25
0.5351154208183289,0.5654523372650146,0.7299413084983826,0.70703125,16,relu,32,relu,64,relu,64,relu,128,elu,512,sigmoid,0.5,adam,17,25
0.5364229679107666,0.5804663300514221,0.7309197783470154,0.69140625,16,relu,32,relu,64,relu,64,relu,128,elu,512,sigmoid,0.5,adam,18,25
0.5305287837982178,0.5733991861343384,0.730430543422699,0.6640625,16,relu,32,relu,64,relu,64,relu,128,elu,512,sigmoid,0.5,adam,19,25
0.502199113368988,0.5422374606132507,0.752446174621582,0.73046875,16,relu,32,relu,64,relu,64,relu,128,elu,512,sigmoid,0.5,adam,20,25
0.5126146674156189,0.5721365213394165,0.7411937117576599,0.69921875,16,relu,32,relu,64,relu,64,relu,128,elu,512,sigmoid,0.5,adam,21,25
0.505508303642273,0.5510389804840088,0.7485322952270508,0.7265625,16,relu,32,relu,64,relu,64,relu,128,elu,512,sigmoid,0.5,adam,22,25
0.4923267662525177,0.5977268218994141,0.7514677047729492,0.70703125,16,relu,32,relu,64,relu,64,relu,128,elu,512,sigmoid,0.5,adam,23,25
0.5054799914360046,0.5331753492355347,0.7402152419090271,0.71875,16,relu,32,relu,64,relu,64,relu,128,elu,512,sigmoid,0.5,adam,24,25
0.48329952359199524,0.53975510597229,0.7700586915016174,0.70703125,16,relu,32,relu,64,relu,64,relu,128,elu,512,sigmoid,0.5,adam,25,25
0.7375515103340149,0.6869510412216187,0.5479452013969421,0.56640625,16,relu,32,relu,64,relu,64,relu,128,elu,512,relu,0.5,adam,1,25
0.660698413848877,0.6253741979598999,0.5973581075668335,0.6484375,16,relu,32,relu,64,relu,64,relu,128,elu,512,relu,0.5,adam,2,25
0.6429964900016785,0.637894868850708,0.6404109597206116,0.58984375,16,relu,32,relu,64,relu,64,relu,128,elu,512,relu,0.5,adam,3,25
0.6598580479621887,0.615989625453949,0.5924657583236694,0.6484375,16,relu,32,relu,64,relu,64,relu,128,elu,512,relu,0.5,adam,4,25
0.625623345375061,0.6643138527870178,0.6423678994178772,0.625,16,relu,32,relu,64,relu,64,relu,128,elu,512,relu,0.5,adam,5,25
0.6200162172317505,0.6122528314590454,0.6541095972061157,0.65234375,16,relu,32,relu,64,relu,64,relu,128,elu,512,relu,0.5,adam,6,25
0.6162537336349487,0.6271872520446777,0.6653620600700378,0.64453125,16,relu,32,relu,64,relu,64,relu,128,elu,512,relu,0.5,adam,7,25
0.623784065246582,0.6310847997665405,0.6682974696159363,0.66796875,16,relu,32,relu,64,relu,64,relu,128,elu,512,relu,0.5,adam,8,25
0.5794966220855713,0.602216899394989,0.6908023357391357,0.703125,16,relu,32,relu,64,relu,64,relu,128,elu,512,relu,0.5,adam,9,25
0.6030956506729126,0.6025300621986389,0.6673189997673035,0.66796875,16,relu,32,relu,64,relu,64,relu,128,elu,512,relu,0.5,adam,10,25
0.590395450592041,0.5925462245941162,0.683953046798706,0.6796875,16,relu,32,relu,64,relu,64,relu,128,elu,512,relu,0.5,adam,11,25
0.5713117718696594,0.6645264625549316,0.6908023357391357,0.59375,16,relu,32,relu,64,relu,64,relu,128,elu,512,relu,0.5,adam,12,25
0.5713151097297668,0.5634680986404419,0.7069471478462219,0.671875,16,relu,32,relu,64,relu,64,relu,128,elu,512,relu,0.5,adam,13,25
0.5595718622207642,0.5707876086235046,0.7069471478462219,0.6796875,16,relu,32,relu,64,relu,64,relu,128,elu,512,relu,0.5,adam,14,25
0.566922664642334,0.5420968532562256,0.7079256176948547,0.73828125,16,relu,32,relu,64,relu,64,relu,128,elu,512,relu,0.5,adam,15,25
0.5514940023422241,0.5524030327796936,0.7323874831199646,0.7109375,16,relu,32,relu,64,relu,64,relu,128,elu,512,relu,0.5,adam,16,25
0.5370363593101501,0.5550568699836731,0.7314090132713318,0.6875,16,relu,32,relu,64,relu,64,relu,128,elu,512,relu,0.5,adam,17,25
0.526466429233551,0.6340795755386353,0.7426614761352539,0.66796875,16,relu,32,relu,64,relu,64,relu,128,elu,512,relu,0.5,adam,18,25
0.5349617600440979,0.5298008322715759,0.7270058989524841,0.73046875,16,relu,32,relu,64,relu,64,relu,128,elu,512,relu,0.5,adam,19,25
0.5240846872329712,0.5849534869194031,0.7392367720603943,0.703125,16,relu,32,relu,64,relu,64,relu,128,elu,512,relu,0.5,adam,20,25
0.4996815621852875,0.5212859511375427,0.7592955231666565,0.7578125,16,relu,32,relu,64,relu,64,relu,128,elu,512,relu,0.5,adam,21,25
0.5148516297340393,0.566697895526886,0.7426614761352539,0.6953125,16,relu,32,relu,64,relu,64,relu,128,elu,512,relu,0.5,adam,22,25
0.5085477828979492,0.505669355392456,0.7455968856811523,0.75,16,relu,32,relu,64,relu,64,relu,128,elu,512,relu,0.5,adam,23,25
0.4903183877468109,0.5220239162445068,0.7666340470314026,0.72265625,16,relu,32,relu,64,relu,64,relu,128,elu,512,relu,0.5,adam,24,25
0.4897104799747467,0.4806731343269348,0.7676125168800354,0.75,16,relu,32,relu,64,relu,64,relu,128,elu,512,relu,0.5,adam,25,25
0.7751492857933044,0.6455627679824829,0.5181017518043518,0.609375,16,relu,32,relu,64,relu,128,relu,64,selu,512,sigmoid,0.5,adam,1,25
0.6971253156661987,0.6462104320526123,0.5772994160652161,0.62109375,16,relu,32,relu,64,relu,128,relu,64,selu,512,sigmoid,0.5,adam,2,25
0.656495213508606,0.6952099204063416,0.6281800270080566,0.56640625,16,relu,32,relu,64,relu,128,relu,64,selu,512,sigmoid,0.5,adam,3,25
0.6607239842414856,0.6073302626609802,0.6247553825378418,0.65625,16,relu,32,relu,64,relu,128,relu,64,selu,512,sigmoid,0.5,adam,4,25
0.6430091857910156,0.6264908313751221,0.62060546875,0.609375,16,relu,32,relu,64,relu,128,relu,64,selu,512,sigmoid,0.5,adam,5,25
0.6044934988021851,0.6103379130363464,0.6746575236320496,0.6328125,16,relu,32,relu,64,relu,128,relu,64,selu,512,sigmoid,0.5,adam,6,25
0.6078002452850342,0.5920844078063965,0.6653620600700378,0.69140625,16,relu,32,relu,64,relu,128,relu,64,selu,512,sigmoid,0.5,adam,7,25
0.579444944858551,0.5759990811347961,0.6908023357391357,0.71875,16,relu,32,relu,64,relu,128,relu,64,selu,512,sigmoid,0.5,adam,8,25
0.5871636271476746,0.5838155150413513,0.6731898188591003,0.6953125,16,relu,32,relu,64,relu,128,relu,64,selu,512,sigmoid,0.5,adam,9,25
0.5889182686805725,0.6078065633773804,0.6844422817230225,0.6875,16,relu,32,relu,64,relu,128,relu,64,selu,512,sigmoid,0.5,adam,10,25
0.5712935924530029,0.5818850994110107,0.7064579129219055,0.6953125,16,relu,32,relu,64,relu,128,relu,64,selu,512,sigmoid,0.5,adam,11,25
0.5621660947799683,0.5816246271133423,0.7030332684516907,0.68359375,16,relu,32,relu,64,relu,128,relu,64,selu,512,sigmoid,0.5,adam,12,25
0.5590487718582153,0.6174367666244507,0.7025440335273743,0.6796875,16,relu,32,relu,64,relu,128,relu,64,selu,512,sigmoid,0.5,adam,13,25
0.5585674047470093,0.5575360059738159,0.7035225033760071,0.6953125,16,relu,32,relu,64,relu,128,relu,64,selu,512,sigmoid,0.5,adam,14,25
0.5489052534103394,0.5569034814834595,0.7260273694992065,0.6875,16,relu,32,relu,64,relu,128,relu,64,selu,512,sigmoid,0.5,adam,15,25
0.5641285181045532,0.623069703578949,0.7089040875434875,0.640625,16,relu,32,relu,64,relu,128,relu,64,selu,512,sigmoid,0.5,adam,16,25
0.554500162601471,0.5681797862052917,0.7167319059371948,0.70703125,16,relu,32,relu,64,relu,128,relu,64,selu,512,sigmoid,0.5,adam,17,25
0.5325127243995667,0.5329685211181641,0.7289628386497498,0.73828125,16,relu,32,relu,64,relu,128,relu,64,selu,512,sigmoid,0.5,adam,18,25
0.5305067300796509,0.5663105845451355,0.7363013625144958,0.71484375,16,relu,32,relu,64,relu,128,relu,64,selu,512,sigmoid,0.5,adam,19,25
0.5268557071685791,0.5652669072151184,0.7323874831199646,0.703125,16,relu,32,relu,64,relu,128,relu,64,selu,512,sigmoid,0.5,adam,20,25
0.529962420463562,0.5345137119293213,0.732876718044281,0.7265625,16,relu,32,relu,64,relu,128,relu,64,selu,512,sigmoid,0.5,adam,21,25
0.5146379470825195,0.49394017457962036,0.7441291809082031,0.7578125,16,relu,32,relu,64,relu,128,relu,64,selu,512,sigmoid,0.5,adam,22,25
0.5265864133834839,0.5288000106811523,0.7260273694992065,0.7265625,16,relu,32,relu,64,relu,128,relu,64,selu,512,sigmoid,0.5,adam,23,25
0.4894603192806244,0.5341315865516663,0.7661448121070862,0.74609375,16,relu,32,relu,64,relu,128,relu,64,selu,512,sigmoid,0.5,adam,24,25
0.4897157847881317,0.5019530653953552,0.7651663422584534,0.7578125,16,relu,32,relu,64,relu,128,relu,64,selu,512,sigmoid,0.5,adam,25,25
0.8174136877059937,0.6750679016113281,0.5190802216529846,0.50390625,16,relu,32,relu,64,relu,128,relu,64,selu,512,relu,0.5,adam,1,25
0.6843972206115723,0.6853607892990112,0.5675146579742432,0.51953125,16,relu,32,relu,64,relu,128,relu,64,selu,512,relu,0.5,adam,2,25
0.6655893921852112,0.6380306482315063,0.5958904027938843,0.64453125,16,relu,32,relu,64,relu,128,relu,64,selu,512,relu,0.5,adam,3,25
0.6505187153816223,0.664210855960846,0.6252446174621582,0.5703125,16,relu,32,relu,64,relu,128,relu,64,selu,512,relu,0.5,adam,4,25
0.6594260334968567,0.6409235000610352,0.604207456111908,0.640625,16,relu,32,relu,64,relu,128,relu,64,selu,512,relu,0.5,adam,5,25
0.6207247972488403,0.6823662519454956,0.6756359934806824,0.54296875,16,relu,32,relu,64,relu,128,relu,64,selu,512,relu,0.5,adam,6,25
0.629025936126709,0.619568407535553,0.6394324898719788,0.66015625,16,relu,32,relu,64,relu,128,relu,64,selu,512,relu,0.5,adam,7,25
0.6406416893005371,0.6334853172302246,0.6364970803260803,0.6875,16,relu,32,relu,64,relu,128,relu,64,selu,512,relu,0.5,adam,8,25
0.6036890149116516,0.6437877416610718,0.6824853420257568,0.62109375,16,relu,32,relu,64,relu,128,relu,64,selu,512,relu,0.5,adam,9,25
0.6046430468559265,0.6587879061698914,0.6756359934806824,0.6484375,16,relu,32,relu,64,relu,128,relu,64,selu,512,relu,0.5,adam,10,25
0.6181952953338623,0.6087852120399475,0.6526418924331665,0.6796875,16,relu,32,relu,64,relu,128,relu,64,selu,512,relu,0.5,adam,11,25
0.5993033647537231,0.6002299785614014,0.6849315166473389,0.65234375,16,relu,32,relu,64,relu,128,relu,64,selu,512,relu,0.5,adam,12,25
0.5901893377304077,0.5901831984519958,0.6766144633293152,0.69140625,16,relu,32,relu,64,relu,128,relu,64,selu,512,relu,0.5,adam,13,25
0.5886017084121704,0.6061602830886841,0.6873776912689209,0.7109375,16,relu,32,relu,64,relu,128,relu,64,selu,512,relu,0.5,adam,14,25
0.5814314484596252,0.5912830829620361,0.6917808055877686,0.69921875,16,relu,32,relu,64,relu,128,relu,64,selu,512,relu,0.5,adam,15,25
0.5671927332878113,0.5817458629608154,0.6927592754364014,0.703125,16,relu,32,relu,64,relu,128,relu,64,selu,512,relu,0.5,adam,16,25
0.5645760893821716,0.5605323910713196,0.7045009732246399,0.70703125,16,relu,32,relu,64,relu,128,relu,64,selu,512,relu,0.5,adam,17,25
0.5557709336280823,0.5619179010391235,0.7103717923164368,0.6875,16,relu,32,relu,64,relu,128,relu,64,selu,512,relu,0.5,adam,18,25
0.5623815655708313,0.5603296756744385,0.7118395566940308,0.7265625,16,relu,32,relu,64,relu,128,relu,64,selu,512,relu,0.5,adam,19,25
0.5386115908622742,0.5671074390411377,0.730430543422699,0.7109375,16,relu,32,relu,64,relu,128,relu,64,selu,512,relu,0.5,adam,20,25
0.5484046339988708,0.5675201416015625,0.7147749662399292,0.70703125,16,relu,32,relu,64,relu,128,relu,64,selu,512,relu,0.5,adam,21,25
0.5386006236076355,0.5788488388061523,0.7270058989524841,0.72265625,16,relu,32,relu,64,relu,128,relu,64,selu,512,relu,0.5,adam,22,25
0.5312647223472595,0.5951170921325684,0.7333659529685974,0.69140625,16,relu,32,relu,64,relu,128,relu,64,selu,512,relu,0.5,adam,23,25
0.5278840065002441,0.5963813662528992,0.7411937117576599,0.69921875,16,relu,32,relu,64,relu,128,relu,64,selu,512,relu,0.5,adam,24,25
0.5069882869720459,0.556206464767456,0.752446174621582,0.71484375,16,relu,32,relu,64,relu,128,relu,64,selu,512,relu,0.5,adam,25,25
0.8682616949081421,0.69533371925354,0.5044031143188477,0.50390625,16,relu,32,relu,64,relu,128,relu,64,elu,512,sigmoid,0.5,adam,1,25
0.736376941204071,0.6928181648254395,0.5058708190917969,0.51171875,16,relu,32,relu,64,relu,128,relu,64,elu,512,sigmoid,0.5,adam,2,25
0.7348652482032776,0.6894124150276184,0.5215263962745667,0.50390625,16,relu,32,relu,64,relu,128,relu,64,elu,512,sigmoid,0.5,adam,3,25
0.7238540053367615,0.6729185581207275,0.5176125168800354,0.59765625,16,relu,32,relu,64,relu,128,relu,64,elu,512,sigmoid,0.5,adam,4,25
0.7178196907043457,0.668976366519928,0.5278865098953247,0.5703125,16,relu,32,relu,64,relu,128,relu,64,elu,512,sigmoid,0.5,adam,5,25
0.7012254595756531,0.649260401725769,0.5699608325958252,0.6484375,16,relu,32,relu,64,relu,128,relu,64,elu,512,sigmoid,0.5,adam,6,25
0.6523478031158447,0.6600044965744019,0.6110567450523376,0.62890625,16,relu,32,relu,64,relu,128,relu,64,elu,512,sigmoid,0.5,adam,7,25
0.6326459050178528,0.6744550466537476,0.6511741876602173,0.5859375,16,relu,32,relu,64,relu,128,relu,64,elu,512,sigmoid,0.5,adam,8,25
0.6010125875473022,0.6263167858123779,0.662915825843811,0.66015625,16,relu,32,relu,64,relu,128,relu,64,elu,512,sigmoid,0.5,adam,9,25
0.6089448928833008,0.600088357925415,0.6687867045402527,0.6484375,16,relu,32,relu,64,relu,128,relu,64,elu,512,sigmoid,0.5,adam,10,25
0.5829965472221375,0.6184370517730713,0.7040117383003235,0.68359375,16,relu,32,relu,64,relu,128,relu,64,elu,512,sigmoid,0.5,adam,11,25
0.5794028639793396,0.5742080807685852,0.7054794430732727,0.71875,16,relu,32,relu,64,relu,128,relu,64,elu,512,sigmoid,0.5,adam,12,25
0.570076584815979,0.5757297873497009,0.6991193890571594,0.6953125,16,relu,32,relu,64,relu,128,relu,64,elu,512,sigmoid,0.5,adam,13,25
0.5573782324790955,0.5928367972373962,0.718199610710144,0.65234375,16,relu,32,relu,64,relu,128,relu,64,elu,512,sigmoid,0.5,adam,14,25
0.5670748353004456,0.6306491494178772,0.7005870938301086,0.64453125,16,relu,32,relu,64,relu,128,relu,64,elu,512,sigmoid,0.5,adam,15,25
0.5454682111740112,0.5267351865768433,0.7137964963912964,0.71484375,16,relu,32,relu,64,relu,128,relu,64,elu,512,sigmoid,0.5,adam,16,25
0.5351921319961548,0.5980616807937622,0.7421721816062927,0.66796875,16,relu,32,relu,64,relu,128,relu,64,elu,512,sigmoid,0.5,adam,17,25
0.5652551651000977,0.5958322286605835,0.7015655636787415,0.65234375,16,relu,32,relu,64,relu,128,relu,64,elu,512,sigmoid,0.5,adam,18,25
0.5391648411750793,0.5265681147575378,0.7230919599533081,0.71484375,16,relu,32,relu,64,relu,128,relu,64,elu,512,sigmoid,0.5,adam,19,25
0.5396144390106201,0.5175704956054688,0.7250488996505737,0.7265625,16,relu,32,relu,64,relu,128,relu,64,elu,512,sigmoid,0.5,adam,20,25
0.5271082520484924,0.4844878315925598,0.7289628386497498,0.77734375,16,relu,32,relu,64,relu,128,relu,64,elu,512,sigmoid,0.5,adam,21,25
0.5161900520324707,0.5001011490821838,0.7495107650756836,0.73828125,16,relu,32,relu,64,relu,128,relu,64,elu,512,sigmoid,0.5,adam,22,25
0.5102795362472534,0.4953145384788513,0.7446184158325195,0.7421875,16,relu,32,relu,64,relu,128,relu,64,elu,512,sigmoid,0.5,adam,23,25
0.4993908107280731,0.46679049730300903,0.7548923492431641,0.7734375,16,relu,32,relu,64,relu,128,relu,64,elu,512,sigmoid,0.5,adam,24,25
0.49377313256263733,0.5019861459732056,0.7617416977882385,0.7734375,16,relu,32,relu,64,relu,128,relu,64,elu,512,sigmoid,0.5,adam,25,25
0.7417588233947754,0.6873559951782227,0.5117416977882385,0.63671875,16,relu,32,relu,64,relu,128,relu,64,elu,512,relu,0.5,adam,1,25
0.6722328066825867,0.6745733022689819,0.5983365774154663,0.5234375,16,relu,32,relu,64,relu,128,relu,64,elu,512,relu,0.5,adam,2,25
0.6570085883140564,0.6425604820251465,0.6037182211875916,0.609375,16,relu,32,relu,64,relu,128,relu,64,elu,512,relu,0.5,adam,3,25
0.640353262424469,0.6495084166526794,0.623776912689209,0.58984375,16,relu,32,relu,64,relu,128,relu,64,elu,512,relu,0.5,adam,4,25
0.6165919303894043,0.6206546425819397,0.6585127115249634,0.64453125,16,relu,32,relu,64,relu,128,relu,64,elu,512,relu,0.5,adam,5,25
0.6343811750411987,0.6588330268859863,0.6506849527359009,0.6015625,16,relu,32,relu,64,relu,128,relu,64,elu,512,relu,0.5,adam,6,25
0.6166262626647949,0.5945953726768494,0.6687867045402527,0.62890625,16,relu,32,relu,64,relu,128,relu,64,elu,512,relu,0.5,adam,7,25
0.5987646579742432,0.5820482969284058,0.6761252284049988,0.66015625,16,relu,32,relu,64,relu,128,relu,64,elu,512,relu,0.5,adam,8,25
0.5981524586677551,0.5927196145057678,0.6673189997673035,0.671875,16,relu,32,relu,64,relu,128,relu,64,elu,512,relu,0.5,adam,9,25
0.5821197628974915,0.6072198152542114,0.6966732144355774,0.671875,16,relu,32,relu,64,relu,128,relu,64,elu,512,relu,0.5,adam,10,25
0.5805136561393738,0.6415124535560608,0.7030332684516907,0.6171875,16,relu,32,relu,64,relu,128,relu,64,elu,512,relu,0.5,adam,11,25
0.5737701058387756,0.55965656042099,0.696183979511261,0.68359375,16,relu,32,relu,64,relu,128,relu,64,elu,512,relu,0.5,adam,12,25
0.5611767768859863,0.5690611600875854,0.7260273694992065,0.72265625,16,relu,32,relu,64,relu,128,relu,64,elu,512,relu,0.5,adam,13,25
0.5459349751472473,0.5606728792190552,0.7245596647262573,0.6875,16,relu,32,relu,64,relu,128,relu,64,elu,512,relu,0.5,adam,14,25
0.5484358668327332,0.607474148273468,0.7172211408615112,0.6640625,16,relu,32,relu,64,relu,128,relu,64,elu,512,relu,0.5,adam,15,25
0.5609468221664429,0.5385522842407227,0.7113503217697144,0.7109375,16,relu,32,relu,64,relu,128,relu,64,elu,512,relu,0.5,adam,16,25
0.5278379321098328,0.5304824709892273,0.7397260069847107,0.73828125,16,relu,32,relu,64,relu,128,relu,64,elu,512,relu,0.5,adam,17,25
0.5335634350776672,0.5672208666801453,0.7279843688011169,0.734375,16,relu,32,relu,64,relu,128,relu,64,elu,512,relu,0.5,adam,18,25
0.5210656523704529,0.5418664216995239,0.7416829466819763,0.70703125,16,relu,32,relu,64,relu,128,relu,64,elu,512,relu,0.5,adam,19,25
0.5147022604942322,0.5059210658073425,0.7485322952270508,0.7421875,16,relu,32,relu,64,relu,128,relu,64,elu,512,relu,0.5,adam,20,25
0.5205910801887512,0.4981101453304291,0.75,0.7421875,16,relu,32,relu,64,relu,128,relu,64,elu,512,relu,0.5,adam,21,25
0.5046547651290894,0.6361765265464783,0.7553815841674805,0.68359375,16,relu,32,relu,64,relu,128,relu,64,elu,512,relu,0.5,adam,22,25
0.5035647749900818,0.5165346264839172,0.7421721816062927,0.734375,16,relu,32,relu,64,relu,128,relu,64,elu,512,relu,0.5,adam,23,25
0.4794737696647644,0.543188750743866,0.7588062882423401,0.75390625,16,relu,32,relu,64,relu,128,relu,64,elu,512,relu,0.5,adam,24,25
0.49126136302948,0.5475842952728271,0.7641878724098206,0.73046875,16,relu,32,relu,64,relu,128,relu,64,elu,512,relu,0.5,adam,25,25
0.7683486342430115,0.6752772927284241,0.5210371613502502,0.56640625,16,relu,32,relu,64,relu,128,relu,128,selu,512,sigmoid,0.5,adam,1,25
0.7334122061729431,0.6943888664245605,0.5396282076835632,0.56640625,16,relu,32,relu,64,relu,128,relu,128,selu,512,sigmoid,0.5,adam,2,25
0.6888241171836853,0.6898086667060852,0.5939334630966187,0.578125,16,relu,32,relu,64,relu,128,relu,128,selu,512,sigmoid,0.5,adam,3,25
0.6330910921096802,0.6090549230575562,0.6404109597206116,0.65234375,16,relu,32,relu,64,relu,128,relu,128,selu,512,sigmoid,0.5,adam,4,25
0.6080839037895203,0.6077377796173096,0.6697651743888855,0.63671875,16,relu,32,relu,64,relu,128,relu,128,selu,512,sigmoid,0.5,adam,5,25
0.6113966703414917,0.5802253484725952,0.6707436442375183,0.671875,16,relu,32,relu,64,relu,128,relu,128,selu,512,sigmoid,0.5,adam,6,25
0.5848962068557739,0.5665871500968933,0.6912915706634521,0.7109375,16,relu,32,relu,64,relu,128,relu,128,selu,512,sigmoid,0.5,adam,7,25
0.5710300207138062,0.5796009302139282,0.7059686779975891,0.7109375,16,relu,32,relu,64,relu,128,relu,128,selu,512,sigmoid,0.5,adam,8,25
0.5553871989250183,0.5579007863998413,0.7049902081489563,0.7265625,16,relu,32,relu,64,relu,128,relu,128,selu,512,sigmoid,0.5,adam,9,25
0.5505748987197876,0.5213395953178406,0.698630154132843,0.7578125,16,relu,32,relu,64,relu,128,relu,128,selu,512,sigmoid,0.5,adam,10,25
0.5267655253410339,0.546098530292511,0.735322892665863,0.7421875,16,relu,32,relu,64,relu,128,relu,128,selu,512,sigmoid,0.5,adam,11,25
0.567767858505249,0.5374722480773926,0.7089040875434875,0.734375,16,relu,32,relu,64,relu,128,relu,128,selu,512,sigmoid,0.5,adam,12,25
0.531478762626648,0.5276856422424316,0.7294520735740662,0.73046875,16,relu,32,relu,64,relu,128,relu,128,selu,512,sigmoid,0.5,adam,13,25
0.5273138284683228,0.5765617489814758,0.7402152419090271,0.67578125,16,relu,32,relu,64,relu,128,relu,128,selu,512,sigmoid,0.5,adam,14,25
0.5293993353843689,0.5139915347099304,0.7270058989524841,0.76953125,16,relu,32,relu,64,relu,128,relu,128,selu,512,sigmoid,0.5,adam,15,25
0.4915303587913513,0.5132413506507874,0.7627201676368713,0.75,16,relu,32,relu,64,relu,128,relu,128,selu,512,sigmoid,0.5,adam,16,25
0.485634446144104,0.513307511806488,0.7573385238647461,0.73046875,16,relu,32,relu,64,relu,128,relu,128,selu,512,sigmoid,0.5,adam,17,25
0.5040159821510315,0.5110465884208679,0.7460861206054688,0.78125,16,relu,32,relu,64,relu,128,relu,128,selu,512,sigmoid,0.5,adam,18,25
0.48532432317733765,0.5210555195808411,0.7607632279396057,0.71484375,16,relu,32,relu,64,relu,128,relu,128,selu,512,sigmoid,0.5,adam,19,25
0.4951561689376831,0.49045029282569885,0.7568492889404297,0.76953125,16,relu,32,relu,64,relu,128,relu,128,selu,512,sigmoid,0.5,adam,20,25
0.47799065709114075,0.49123144149780273,0.7617416977882385,0.7578125,16,relu,32,relu,64,relu,128,relu,128,selu,512,sigmoid,0.5,adam,21,25
0.4680235683917999,0.4823932945728302,0.7803326845169067,0.78125,16,relu,32,relu,64,relu,128,relu,128,selu,512,sigmoid,0.5,adam,22,25
0.4613739550113678,0.521680474281311,0.784246563911438,0.7734375,16,relu,32,relu,64,relu,128,relu,128,selu,512,sigmoid,0.5,adam,23,25
0.47397977113723755,0.46111202239990234,0.7705479264259338,0.796875,16,relu,32,relu,64,relu,128,relu,128,selu,512,sigmoid,0.5,adam,24,25
0.45650267601013184,0.5029522180557251,0.7852250337600708,0.76953125,16,relu,32,relu,64,relu,128,relu,128,selu,512,sigmoid,0.5,adam,25,25
0.7661986947059631,0.6398131847381592,0.5518590807914734,0.6484375,16,relu,32,relu,64,relu,128,relu,128,selu,512,relu,0.5,adam,1,25
0.6758010387420654,0.6596660614013672,0.5914872884750366,0.63671875,16,relu,32,relu,64,relu,128,relu,128,selu,512,relu,0.5,adam,2,25
0.6432211399078369,0.6551095247268677,0.638454020023346,0.5625,16,relu,32,relu,64,relu,128,relu,128,selu,512,relu,0.5,adam,3,25
0.6309838891029358,0.6254385709762573,0.6638942956924438,0.66015625,16,relu,32,relu,64,relu,128,relu,128,selu,512,relu,0.5,adam,4,25
0.637935221195221,0.6163776516914368,0.6516634225845337,0.66796875,16,relu,32,relu,64,relu,128,relu,128,selu,512,relu,0.5,adam,5,25
0.6328652501106262,0.6262022256851196,0.6545988321304321,0.65625,16,relu,32,relu,64,relu,128,relu,128,selu,512,relu,0.5,adam,6,25
0.6186182498931885,0.6103470921516418,0.6624265909194946,0.671875,16,relu,32,relu,64,relu,128,relu,128,selu,512,relu,0.5,adam,7,25
0.6039021611213684,0.6120287775993347,0.6717221140861511,0.69140625,16,relu,32,relu,64,relu,128,relu,128,selu,512,relu,0.5,adam,8,25
0.5929906368255615,0.6136080622673035,0.6912915706634521,0.6796875,16,relu,32,relu,64,relu,128,relu,128,selu,512,relu,0.5,adam,9,25
0.5930581092834473,0.6147943139076233,0.6863992214202881,0.6875,16,relu,32,relu,64,relu,128,relu,128,selu,512,relu,0.5,adam,10,25
0.5893204808235168,0.6071996688842773,0.6976516842842102,0.68359375,16,relu,32,relu,64,relu,128,relu,128,selu,512,relu,0.5,adam,11,25
0.5981212854385376,0.6473842859268188,0.6766144633293152,0.64453125,16,relu,32,relu,64,relu,128,relu,128,selu,512,relu,0.5,adam,12,25
0.5895151495933533,0.6334236860275269,0.6952054500579834,0.6953125,16,relu,32,relu,64,relu,128,relu,128,selu,512,relu,0.5,adam,13,25
0.5694558620452881,0.5937114953994751,0.7069471478462219,0.68359375,16,relu,32,relu,64,relu,128,relu,128,selu,512,relu,0.5,adam,14,25
0.5776758790016174,0.5933911204338074,0.7084148526191711,0.69921875,16,relu,32,relu,64,relu,128,relu,128,selu,512,relu,0.5,adam,15,25
0.5671015977859497,0.6004645228385925,0.7035225033760071,0.68359375,16,relu,32,relu,64,relu,128,relu,128,selu,512,relu,0.5,adam,16,25
0.5754804015159607,0.6052437424659729,0.692270040512085,0.69140625,16,relu,32,relu,64,relu,128,relu,128,selu,512,relu,0.5,adam,17,25
0.5816085934638977,0.6117417812347412,0.7089040875434875,0.6796875,16,relu,32,relu,64,relu,128,relu,128,selu,512,relu,0.5,adam,18,25
0.5448447465896606,0.5754045248031616,0.7274951338768005,0.6875,16,relu,32,relu,64,relu,128,relu,128,selu,512,relu,0.5,adam,19,25
0.5480189919471741,0.5488810539245605,0.7255381345748901,0.7109375,16,relu,32,relu,64,relu,128,relu,128,selu,512,relu,0.5,adam,20,25
0.5532170534133911,0.6096586585044861,0.7216242551803589,0.6953125,16,relu,32,relu,64,relu,128,relu,128,selu,512,relu,0.5,adam,21,25
0.5397772789001465,0.5592518448829651,0.7299413084983826,0.72265625,16,relu,32,relu,64,relu,128,relu,128,selu,512,relu,0.5,adam,22,25
0.5403435230255127,0.567173182964325,0.7397260069847107,0.6953125,16,relu,32,relu,64,relu,128,relu,128,selu,512,relu,0.5,adam,23,25
0.5353426337242126,0.5436497926712036,0.7367905974388123,0.7421875,16,relu,32,relu,64,relu,128,relu,128,selu,512,relu,0.5,adam,24,25
0.5207168459892273,0.5562458634376526,0.7519569396972656,0.6796875,16,relu,32,relu,64,relu,128,relu,128,selu,512,relu,0.5,adam,25,25
0.7373784780502319,0.6726678013801575,0.5454990267753601,0.58984375,16,relu,32,relu,64,relu,128,relu,128,elu,512,sigmoid,0.5,adam,1,25
0.6904158592224121,0.6325401663780212,0.5851271748542786,0.66015625,16,relu,32,relu,64,relu,128,relu,128,elu,512,sigmoid,0.5,adam,2,25
0.6546885371208191,0.6253087520599365,0.6188845634460449,0.64453125,16,relu,32,relu,64,relu,128,relu,128,elu,512,sigmoid,0.5,adam,3,25
0.6327952146530151,0.5862248539924622,0.6296477317810059,0.7109375,16,relu,32,relu,64,relu,128,relu,128,elu,512,sigmoid,0.5,adam,4,25
0.5789135098457336,0.604153037071228,0.7049902081489563,0.6796875,16,relu,32,relu,64,relu,128,relu,128,elu,512,sigmoid,0.5,adam,5,25
0.5995226502418518,0.5846585035324097,0.6736790537834167,0.671875,16,relu,32,relu,64,relu,128,relu,128,elu,512,sigmoid,0.5,adam,6,25
0.584618330001831,0.5978119373321533,0.6912915706634521,0.6953125,16,relu,32,relu,64,relu,128,relu,128,elu,512,sigmoid,0.5,adam,7,25
0.561997652053833,0.5586833357810974,0.7216242551803589,0.71875,16,relu,32,relu,64,relu,128,relu,128,elu,512,sigmoid,0.5,adam,8,25
0.56051105260849,0.6210535764694214,0.7089040875434875,0.671875,16,relu,32,relu,64,relu,128,relu,128,elu,512,sigmoid,0.5,adam,9,25
0.5671113729476929,0.528019905090332,0.6932485103607178,0.77734375,16,relu,32,relu,64,relu,128,relu,128,elu,512,sigmoid,0.5,adam,10,25
0.5623264908790588,0.550931453704834,0.7118395566940308,0.73828125,16,relu,32,relu,64,relu,128,relu,128,elu,512,sigmoid,0.5,adam,11,25
0.5330489873886108,0.5473501086235046,0.7358121275901794,0.73828125,16,relu,32,relu,64,relu,128,relu,128,elu,512,sigmoid,0.5,adam,12,25
0.5249558687210083,0.5290863513946533,0.730430543422699,0.73828125,16,relu,32,relu,64,relu,128,relu,128,elu,512,sigmoid,0.5,adam,13,25
0.5225381255149841,0.5593020915985107,0.7358121275901794,0.71875,16,relu,32,relu,64,relu,128,relu,128,elu,512,sigmoid,0.5,adam,14,25
0.5078491568565369,0.5197540521621704,0.7504892349243164,0.765625,16,relu,32,relu,64,relu,128,relu,128,elu,512,sigmoid,0.5,adam,15,25
0.5070016384124756,0.5175446271896362,0.7490215301513672,0.7421875,16,relu,32,relu,64,relu,128,relu,128,elu,512,sigmoid,0.5,adam,16,25
0.491860032081604,0.5049643516540527,0.7602739930152893,0.765625,16,relu,32,relu,64,relu,128,relu,128,elu,512,sigmoid,0.5,adam,17,25
0.47991830110549927,0.562040388584137,0.7612524628639221,0.7109375,16,relu,32,relu,64,relu,128,relu,128,elu,512,sigmoid,0.5,adam,18,25
0.48204973340034485,0.5020581483840942,0.7705479264259338,0.74609375,16,relu,32,relu,64,relu,128,relu,128,elu,512,sigmoid,0.5,adam,19,25
0.49403226375579834,0.5144612789154053,0.7563600540161133,0.75390625,16,relu,32,relu,64,relu,128,relu,128,elu,512,sigmoid,0.5,adam,20,25
0.47418543696403503,0.506650984287262,0.7759295701980591,0.76171875,16,relu,32,relu,64,relu,128,relu,128,elu,512,sigmoid,0.5,adam,21,25
0.4616432785987854,0.48331934213638306,0.781800389289856,0.76953125,16,relu,32,relu,64,relu,128,relu,128,elu,512,sigmoid,0.5,adam,22,25
0.4612102806568146,0.48080968856811523,0.7759295701980591,0.75390625,16,relu,32,relu,64,relu,128,relu,128,elu,512,sigmoid,0.5,adam,23,25
0.44940561056137085,0.5093197822570801,0.7857142686843872,0.75,16,relu,32,relu,64,relu,128,relu,128,elu,512,sigmoid,0.5,adam,24,25
0.475122332572937,0.44685542583465576,0.7705479264259338,0.7734375,16,relu,32,relu,64,relu,128,relu,128,elu,512,sigmoid,0.5,adam,25,25
0.7607754468917847,0.6844725608825684,0.5518590807914734,0.58203125,16,relu,32,relu,64,relu,128,relu,128,elu,512,relu,0.5,adam,1,25
0.6761689782142639,0.665887713432312,0.5890411138534546,0.64453125,16,relu,32,relu,64,relu,128,relu,128,elu,512,relu,0.5,adam,2,25
0.6537714600563049,0.6625657081604004,0.6340509057044983,0.58984375,16,relu,32,relu,64,relu,128,relu,128,elu,512,relu,0.5,adam,3,25
0.6354795694351196,0.6337193250656128,0.6413894295692444,0.6875,16,relu,32,relu,64,relu,128,relu,128,elu,512,relu,0.5,adam,4,25
0.6401110291481018,0.6353540420532227,0.6306262016296387,0.61328125,16,relu,32,relu,64,relu,128,relu,128,elu,512,relu,0.5,adam,5,25
0.6262304186820984,0.6593012809753418,0.6492172479629517,0.6171875,16,relu,32,relu,64,relu,128,relu,128,elu,512,relu,0.5,adam,6,25
0.6160462498664856,0.5976383090019226,0.6697651743888855,0.671875,16,relu,32,relu,64,relu,128,relu,128,elu,512,relu,0.5,adam,7,25
0.601423978805542,0.6293565034866333,0.6883561611175537,0.671875,16,relu,32,relu,64,relu,128,relu,128,elu,512,relu,0.5,adam,8,25
0.6013461947441101,0.663658857345581,0.6736790537834167,0.5859375,16,relu,32,relu,64,relu,128,relu,128,elu,512,relu,0.5,adam,9,25
0.5887778997421265,0.6175559759140015,0.6966732144355774,0.703125,16,relu,32,relu,64,relu,128,relu,128,elu,512,relu,0.5,adam,10,25
0.5698699355125427,0.5921385884284973,0.7064579129219055,0.7265625,16,relu,32,relu,64,relu,128,relu,128,elu,512,relu,0.5,adam,11,25
0.5716995000839233,0.553656280040741,0.7020547986030579,0.73046875,16,relu,32,relu,64,relu,128,relu,128,elu,512,relu,0.5,adam,12,25
0.5595787167549133,0.6239799857139587,0.7118395566940308,0.671875,16,relu,32,relu,64,relu,128,relu,128,elu,512,relu,0.5,adam,13,25
0.5534257292747498,0.5652517080307007,0.7230919599533081,0.70703125,16,relu,32,relu,64,relu,128,relu,128,elu,512,relu,0.5,adam,14,25
0.5441087484359741,0.5840778946876526,0.726516604423523,0.70703125,16,relu,32,relu,64,relu,128,relu,128,elu,512,relu,0.5,adam,15,25
0.5442385673522949,0.5806378722190857,0.72216796875,0.703125,16,relu,32,relu,64,relu,128,relu,128,elu,512,relu,0.5,adam,16,25
0.5298152565956116,0.5567829012870789,0.7314090132713318,0.71484375,16,relu,32,relu,64,relu,128,relu,128,elu,512,relu,0.5,adam,17,25
0.5291241407394409,0.5470685362815857,0.7485322952270508,0.7265625,16,relu,32,relu,64,relu,128,relu,128,elu,512,relu,0.5,adam,18,25
0.5291515588760376,0.532233715057373,0.7411937117576599,0.75,16,relu,32,relu,64,relu,128,relu,128,elu,512,relu,0.5,adam,19,25
0.5229362845420837,0.5408221483230591,0.7544031143188477,0.75,16,relu,32,relu,64,relu,128,relu,128,elu,512,relu,0.5,adam,20,25
0.5133528709411621,0.5125780701637268,0.7470645904541016,0.734375,16,relu,32,relu,64,relu,128,relu,128,elu,512,relu,0.5,adam,21,25
0.5100627541542053,0.5275876522064209,0.7519569396972656,0.734375,16,relu,32,relu,64,relu,128,relu,128,elu,512,relu,0.5,adam,22,25
0.4915434718132019,0.5413601994514465,0.7612524628639221,0.7578125,16,relu,32,relu,64,relu,128,relu,128,elu,512,relu,0.5,adam,23,25
0.4765966832637787,0.4656081199645996,0.7749511003494263,0.7578125,16,relu,32,relu,64,relu,128,relu,128,elu,512,relu,0.5,adam,24,25
0.48782142996788025,0.4774177670478821,0.7641878724098206,0.76171875,16,relu,32,relu,64,relu,128,relu,128,elu,512,relu,0.5,adam,25,25
